FUND,Date,Direction,Ticker,CUSIP,Company,Shares,% of ETF
ARKG,1/4/2021,Buy,BLI,84310101,BERKELEY LIGHTS INC,"12,258",0.0133
ARKG,1/4/2021,Buy,VEEV,922475108,VEEVA SYSTEMS INC,"31,937",0.1145
ARKG,1/4/2021,Buy,TDOC,87918A105,TELADOC HEALTH INC,"97,892",0.2518
ARKG,1/4/2021,Buy,RHHBY,771195104,ROCHE HOLDING AG,"165,885",0.0952
ARKG,1/4/2021,Buy,REGN,75886F107,REGENERON PHARMACEUTICALS INC,"25,566",0.1631
ARKG,1/4/2021,Buy,NVS,66987V109,NOVARTIS AG,"145,574",0.1797
ARKK,1/4/2021,Sell,XONE,302104104,EXONE CO/THE,"4,875",0.0003
ARKQ,1/4/2021,Buy,TRMB,896239100,TRIMBLE INC,"34,318",0.1316
ARKQ,1/4/2021,Buy,RAVN,754212108,RAVEN INDUSTRIES INC,"8,641",0.0161
ARKQ,1/4/2021,Buy,NVDA,67066G104,NVIDIA CORP,"16,311",0.4972
ARKQ,1/4/2021,Buy,KTOS,50077B207,KRATOS DEFENSE & SECURITY SOLUTIONS INC,"44,500",0.0681
ARKQ,1/4/2021,Buy,JD,47215P106,JD.COM INC,"49,724",0.2488
ARKQ,1/4/2021,Sell,SPLK,848637104,SPLUNK INC,"51,534",0.4987
ARKQ,1/4/2021,Sell,FLIR,302445101,FLIR SYSTEMS INC,"392,957",1.1922
ARKW,1/4/2021,Buy,SKLZ,83067L109,SKILLZ INC,"215,897",0.0747
ARKW,1/4/2021,Buy,OPEN,683712103,OPENDOOR TECHNOLOGIES INC,"123,520",0.0547
ARKW,1/4/2021,Buy,NVDA,67066G104,NVIDIA CORP,"49,887",0.4959
ARKW,1/4/2021,Buy,NFLX,64110L106,NETFLIX INC,"25,326",0.2479
ARKW,1/4/2021,Sell,ROKU,77543R102,ROKU INC,"113,600",0.6852
ARKW,1/4/2021,Sell,U,91332U101,UNITY SOFTWARE INC,"118,893",0.3222
ARKG,1/5/2021,Buy,BLI,84310101,BERKELEY LIGHTS INC,"43,975",0.0504
ARKG,1/5/2021,Buy,RHHBY,771195104,ROCHE HOLDING AG,"282,386",0.1585
ARKG,1/5/2021,Buy,RPTX,760273102,REPARE THERAPEUTICS INC,"132,898",0.0624
ARKG,1/5/2021,Buy,SURF,86877M209,SURFACE ONCOLOGY INC,"202,423",0.0233
ARKG,1/5/2021,Buy,VEEV,922475108,VEEVA SYSTEMS INC,"38,000",0.1344
ARKG,1/5/2021,Sell,CRSP,H17182108,CRISPR THERAPEUTICS AG,"107,016",0.217
ARKG,1/5/2021,Sell,TWST,90184D100,TWIST BIOSCIENCE CORP,"64,113",0.1111
ARKK,1/5/2021,Sell,XONE,302104104,EXONE CO/THE,"30,745",0.0017
ARKQ,1/5/2021,Buy,KTOS,50077B207,KRATOS DEFENSE & SECURITY SOLUTIONS INC,"108,589",0.1677
ARKQ,1/5/2021,Buy,RAVN,754212108,RAVEN INDUSTRIES INC,"23,201",0.0428
ARKQ,1/5/2021,Buy,TRMB,896239100,TRIMBLE INC,"98,200",0.3724
ARKW,1/5/2021,Buy,OPEN,683712103,OPENDOOR TECHNOLOGIES INC,"288,539",0.1339
ARKW,1/5/2021,Buy,SKLZ,83067L109,SKILLZ INC,"244,637",0.0899
ARKW,1/5/2021,Sell,ROKU,77543R102,ROKU INC,"49,580",0.3006
ARKW,1/5/2021,Sell,U,91332U101,UNITY SOFTWARE INC,"65,400",0.1766
ARKG,1/6/2021,Buy,BLI,84310101,BERKELEY LIGHTS INC,"117,743",0.1313
ARKG,1/6/2021,Buy,RHHBY,771195104,ROCHE HOLDING AG,"116,997",0.0636
ARKG,1/6/2021,Buy,RPTX,760273102,REPARE THERAPEUTICS INC,"2,239",0.001
ARKK,1/6/2021,Buy,TXG,88025U109,10X GENOMICS INC,"336,584",0.2521
ARKK,1/6/2021,Buy,TXG,88025U109,10X GENOMICS INC,"174,432",0.1323
ARKK,1/6/2021,Sell,NSTG,63009R109,NANOSTRING TECHNOLOGIES INC,"96,972",0.0364
ARKK,1/6/2021,Sell,XONE,302104104,EXONE CO/THE,"39,906",0.0022
ARKQ,1/6/2021,Buy,RAVN,754212108,RAVEN INDUSTRIES INC,200,0.0004
ARKW,1/6/2021,Buy,OPEN,683712103,OPENDOOR TECHNOLOGIES INC,"119,700",0.0593
ARKG,1/7/2021,Buy,ACCD,4.37E+104,ACCOLADE INC,"2,655",0.0014
ARKG,1/7/2021,Buy,BLI,84310101,BERKELEY LIGHTS INC,"157,019",0.1588
ARKG,1/7/2021,Buy,TAK,874060205,TAKEDA PHARMACEUTICAL CO LTD,"361,452",0.0734
ARKG,1/7/2021,Sell,CRSP,H17182108,CRISPR THERAPEUTICS AG,"21,904",0.0459
ARKK,1/7/2021,Buy,NVS,66987V109,NOVARTIS AG,"50,104",0.0233
ARKK,1/7/2021,Buy,SHOP,82509L107,SHOPIFY INC,"21,934",0.1255
ARKK,1/7/2021,Buy,EXAS,30063P105,EXACT SCIENCES CORP,"104,824",0.068
ARKK,1/7/2021,Buy,TXG,88025U109,10X GENOMICS INC,"98,628",0.0757
ARKK,1/7/2021,Buy,BIDU,56752108,BAIDU INC,"227,538",0.2371
ARKK,1/7/2021,Sell,VCYT,92337F107,VERACYTE INC,"65,291",0.0167
ARKK,1/7/2021,Sell,TSLA,88160R101,TESLA INC,"122,288",0.4873
ARKK,1/7/2021,Sell,XONE,302104104,EXONE CO/THE,"458,755",0.0283
ARKK,1/7/2021,Sell,PRLB,743713109,PROTO LABS INC,"56,851",0.0511
ARKK,1/7/2021,Sell,PACB,69404D108,PACIFIC BIOSCIENCES OF CALIFORNIA INC,"299,238",0.0479
ARKK,1/7/2021,Sell,ONVO,68620A203,ORGANOVO HOLDINGS INC,"7,749",0.0005
ARKK,1/7/2021,Sell,NTLA,45826J105,INTELLIA THERAPEUTICS INC,"114,944",0.0434
ARKK,1/7/2021,Sell,NSTG,63009R109,NANOSTRING TECHNOLOGIES INC,"37,028",0.0127
ARKK,1/7/2021,Sell,MCRB,81750R102,SERES THERAPEUTICS INC,"91,363",0.0127
ARKK,1/7/2021,Sell,EDIT,28106W103,EDITAS MEDICINE INC,"114,579",0.0498
ARKK,1/7/2021,Sell,CRSP,H17182108,CRISPR THERAPEUTICS AG,"55,080",0.0509
ARKK,1/7/2021,Sell,CGEN,M25722105,COMPUGEN LTD,"70,897",0.0047
ARKQ,1/7/2021,Buy,TRMB,896239100,TRIMBLE INC,"112,972",0.4048
ARKQ,1/7/2021,Buy,RAVN,754212108,RAVEN INDUSTRIES INC,"1,998",0.0036
ARKQ,1/7/2021,Buy,MGA,559222401,MAGNA INTERNATIONAL INC,"203,695",0.7591
ARKQ,1/7/2021,Buy,DE,244199105,DEERE & CO,"32,657",0.4907
ARKQ,1/7/2021,Buy,BIDU,56752108,BAIDU INC,"22,506",0.235
ARKQ,1/7/2021,Sell,SSYS,M85548101,STRATASYS LTD,"149,052",0.1963
ARKQ,1/7/2021,Sell,TSLA,88160R101,TESLA INC,"24,481",0.991
ARKW,1/7/2021,Buy,ICE,45866F104,INTERCONTINENTAL EXCHANGE INC,"121,556",0.2464
ARKW,1/7/2021,Buy,DOCU,256163106,DOCUSIGN INC,"59,080",0.2459
ARKW,1/7/2021,Buy,BIDU,56752108,BAIDU INC,"134,219",0.4946
ARKW,1/7/2021,Sell,PD,69553P100,PAGERDUTY INC,"130,161",0.0946
ARKW,1/7/2021,Sell,PSTG,74624M102,PURE STORAGE INC,"297,419",0.123
ARKW,1/7/2021,Sell,TSLA,88160R101,TESLA INC,"18,034",0.2538
ARKF,1/8/2021,Buy,ICE,45866F104,INTERCONTINENTAL EXCHANGE INC,"36,948",0.2006
ARKF,1/8/2021,Buy,TCEHY,88032Q109,TENCENT HOLDINGS LTD,"70,296",0.2498
ARKG,1/8/2021,Buy,BLI,84310101,BERKELEY LIGHTS INC,"36,900",0.0368
ARKG,1/8/2021,Buy,REGN,75886F107,REGENERON PHARMACEUTICALS INC,"27,300",0.1483
ARKG,1/8/2021,Buy,SRPT,803607100,SAREPTA THERAPEUTICS INC,"845,575",0.7834
ARKG,1/8/2021,Buy,TAK,874060205,TAKEDA PHARMACEUTICAL CO LTD,"691,332",0.1376
ARKK,1/8/2021,Buy,NVS,66987V109,NOVARTIS AG,"224,573",0.1015
ARKK,1/8/2021,Buy,TXG,88025U109,10X GENOMICS INC,"204,718",0.1526
ARKK,1/8/2021,Buy,EXAS,30063P105,EXACT SCIENCES CORP,"102,878",0.0653
ARKK,1/8/2021,Buy,TCEHY,88032Q109,TENCENT HOLDINGS LTD,"186,400",0.0691
ARKK,1/8/2021,Sell,VCYT,92337F107,VERACYTE INC,"66,092",0.0171
ARKK,1/8/2021,Sell,TSLA,88160R101,TESLA INC,"59,500",0.2506
ARKK,1/8/2021,Sell,XONE,302104104,EXONE CO/THE,"17,055",0.001
ARKK,1/8/2021,Sell,ONVO,68620A203,ORGANOVO HOLDINGS INC,"39,991",0.0026
ARKK,1/8/2021,Sell,NTLA,45826J105,INTELLIA THERAPEUTICS INC,"29,306",0.011
ARKK,1/8/2021,Sell,NSTG,63009R109,NANOSTRING TECHNOLOGIES INC,"15,654",0.0051
ARKK,1/8/2021,Sell,MCRB,81750R102,SERES THERAPEUTICS INC,"72,313",0.0096
ARKK,1/8/2021,Sell,CGEN,M25722105,COMPUGEN LTD,"113,200",0.0075
ARKQ,1/8/2021,Buy,MGA,559222401,MAGNA INTERNATIONAL INC,"64,491",0.2289
ARKQ,1/8/2021,Buy,TRMB,896239100,TRIMBLE INC,"27,849",0.0967
ARKQ,1/8/2021,Buy,RAVN,754212108,RAVEN INDUSTRIES INC,"71,793",0.1252
ARKQ,1/8/2021,Buy,ROK,773903109,ROCKWELL AUTOMATION INC,"19,802",0.2444
ARKQ,1/8/2021,Sell,PRLB,743713109,PROTO LABS INC,"26,289",0.2323
ARKW,1/8/2021,Buy,TCEHY,88032Q109,TENCENT HOLDINGS LTD,"384,596",0.5074
ARKW,1/8/2021,Sell,TSLA,88160R101,TESLA INC,"33,553",0.5029
ARKG,1/11/2021,Buy,BMY,110122108,BRISTOL-MYERS SQUIBB CO,"700,044",0.4866
ARKG,1/11/2021,Buy,REGN,75886F107,REGENERON PHARMACEUTICALS INC,"85,124",0.4505
ARKG,1/11/2021,Buy,TAK,874060205,TAKEDA PHARMACEUTICAL CO LTD,"1,289,619",0.2548
ARKG,1/11/2021,Buy,VRTX,92532F100,VERTEX PHARMACEUTICALS INC,"97,200",0.2446
ARKG,1/11/2021,Sell,PACB,69404D108,PACIFIC BIOSCIENCES OF CALIFORNIA INC,"626,054",0.2381
ARKK,1/11/2021,Buy,TCEHY,88032Q109,TENCENT HOLDINGS LTD,"667,535",0.2438
ARKK,1/11/2021,Buy,REGN,75886F107,REGENERON PHARMACEUTICALS INC,"63,098",0.1517
ARKK,1/11/2021,Buy,NVS,66987V109,NOVARTIS AG,"213,392",0.0967
ARKK,1/11/2021,Sell,ONVO,68620A203,ORGANOVO HOLDINGS INC,"12,361",0.0007
ARKK,1/11/2021,Sell,MCRB,81750R102,SERES THERAPEUTICS INC,"2,260",0.0003
ARKK,1/11/2021,Sell,CGEN,M25722105,COMPUGEN LTD,"8,173",0.0005
ARKK,1/11/2021,Sell,VCYT,92337F107,VERACYTE INC,"18,904",0.0047
ARKQ,1/11/2021,Buy,LMT,539830109,LOCKHEED MARTIN CORP,"64,400",1.0129
ARKQ,1/11/2021,Buy,EXPC,30217C109,EXPERIENCE INVESTMENT CORP,"50,660",0.0308
ARKQ,1/11/2021,Buy,ESLT,M3760D101,ELBIT SYSTEMS LTD,562,0.0034
ARKQ,1/11/2021,Buy,TDY,879360105,TELEDYNE TECHNOLOGIES INC,"23,530",0.4088
ARKQ,1/11/2021,Sell,FLIR,302445101,FLIR SYSTEMS INC,"197,284",0.4871
ARKQ,1/11/2021,Sell,SPLK,848637104,SPLUNK INC,"84,979",0.6633
ARKG,1/12/2021,Buy,BMY,110122108,BRISTOL-MYERS SQUIBB CO,"764,966",0.5334
ARKG,1/12/2021,Buy,TAK,874060205,TAKEDA PHARMACEUTICAL CO LTD,"137,400",0.0268
ARKG,1/12/2021,Buy,VRTX,92532F100,VERTEX PHARMACEUTICALS INC,"206,000",0.5108
ARKG,1/12/2021,Sell,PACB,69404D108,PACIFIC BIOSCIENCES OF CALIFORNIA INC,"379,117",0.1393
ARKK,1/12/2021,Buy,ZM,98980L101,ZOOM VIDEO COMMUNICATIONS INC,"318,811",0.5047
ARKK,1/12/2021,Buy,TCEHY,88032Q109,TENCENT HOLDINGS LTD,"520,349",0.185
ARKK,1/12/2021,Buy,REGN,75886F107,REGENERON PHARMACEUTICALS INC,"42,965",0.1025
ARKK,1/12/2021,Buy,NVS,66987V109,NOVARTIS AG,"199,208",0.0869
ARKK,1/12/2021,Buy,BIDU,56752108,BAIDU INC,"452,528",0.5048
ARKK,1/12/2021,Sell,NSTG,63009R109,NANOSTRING TECHNOLOGIES INC,"33,882",0.0107
ARKK,1/12/2021,Sell,ONVO,68620A203,ORGANOVO HOLDINGS INC,"11,709",0.0007
ARKK,1/12/2021,Sell,MCRB,81750R102,SERES THERAPEUTICS INC,"75,715",0.0094
ARKK,1/12/2021,Sell,CGEN,M25722105,COMPUGEN LTD,"58,241",0.0035
ARKK,1/12/2021,Sell,TSLA,88160R101,TESLA INC,"126,276",0.5055
ARKQ,1/12/2021,Buy,TDY,879360105,TELEDYNE TECHNOLOGIES INC,"36,400",0.6183
ARKQ,1/12/2021,Buy,ESLT,M3760D101,ELBIT SYSTEMS LTD,"1,678",0.01
ARKQ,1/12/2021,Buy,BIDU,56752108,BAIDU INC,"46,619",0.5034
ARKQ,1/12/2021,Sell,FLIR,302445101,FLIR SYSTEMS INC,"429,010",1.0248
ARKQ,1/12/2021,Sell,SPLK,848637104,SPLUNK INC,"59,367",0.4392
ARKQ,1/12/2021,Sell,TSLA,88160R101,TESLA INC,"13,179",0.4991
ARKW,1/12/2021,Buy,BIDU,56752108,BAIDU INC,"62,632",0.6429
ARKW,1/12/2021,Buy,ZM,98980L101,ZOOM VIDEO COMMUNICATIONS INC,"88,906",1.2858
ARKW,1/12/2021,Sell,TSLA,88160R101,TESLA INC,"16,898",0.6161
ARKG,1/13/2021,Sell,CGEN,M25722105,COMPUGEN LTD,200,0
ARKG,1/13/2021,Sell,PACB,69404D108,PACIFIC BIOSCIENCES OF CALIFORNIA INC,"217,015",0.08
ARKK,1/13/2021,Buy,SE,81141R100,SEA LTD,"245,558",0.26
ARKK,1/13/2021,Buy,NVS,66987V109,NOVARTIS AG,"460,412",0.2
ARKK,1/13/2021,Sell,CGEN,M25722105,COMPUGEN LTD,"111,100",0.01
ARKK,1/13/2021,Sell,ONVO,68620A203,ORGANOVO HOLDINGS INC,"26,984",0
ARKK,1/13/2021,Sell,MCRB,81750R102,SERES THERAPEUTICS INC,"33,987",0
ARKK,1/13/2021,Sell,NSTG,63009R109,NANOSTRING TECHNOLOGIES INC,"452,939",0.15
ARKQ,1/13/2021,Buy,ESLT,M3760D101,ELBIT SYSTEMS LTD,676,0.01
ARKQ,1/13/2021,Buy,EXPC,30217C109,EXPERIENCE INVESTMENT CORP,"12,791",0.01
ARKW,1/13/2021,Sell,ROKU,77543R102,ROKU INC,"28,841",0.2
ARKF,1/14/2021,Buy,TDOC,87918A105,TELADOC HEALTH INC,"21,394",0.2
ARKG,1/14/2021,Buy,BMY,110122108,BRISTOL-MYERS SQUIBB CO,"410,661",0.27
ARKG,1/14/2021,Buy,NVS,66987V109,NOVARTIS AG,"166,098",0.15
ARKG,1/14/2021,Buy,RHHBY,771195104,ROCHE HOLDING AG,"36,400",0.02
ARKG,1/14/2021,Buy,SRPT,803607100,SAREPTA THERAPEUTICS INC,"76,600",0.07
ARKG,1/14/2021,Sell,PACB,69404D108,PACIFIC BIOSCIENCES OF CALIFORNIA INC,"85,273",0.03
ARKK,1/14/2021,Buy,TXG,88025U109,10X GENOMICS INC,"125,794",0.1
ARKK,1/14/2021,Buy,REGN,75886F107,REGENERON PHARMACEUTICALS INC,"36,509",0.08
ARKK,1/14/2021,Sell,ONVO,68620A203,ORGANOVO HOLDINGS INC,"65,073",0
ARKK,1/14/2021,Sell,NSTG,63009R109,NANOSTRING TECHNOLOGIES INC,"130,778",0.04
ARKK,1/14/2021,Sell,MCRB,81750R102,SERES THERAPEUTICS INC,"38,693",0
ARKK,1/14/2021,Sell,CGEN,M25722105,COMPUGEN LTD,"145,699",0.01
ARKQ,1/14/2021,Buy,ESLT,M3760D101,ELBIT SYSTEMS LTD,"8,789",0.05
ARKQ,1/14/2021,Buy,LMT,539830109,LOCKHEED MARTIN CORP,"33,600",0.5
ARKQ,1/14/2021,Buy,TDY,879360105,TELEDYNE TECHNOLOGIES INC,"13,399",0.22
ARKW,1/14/2021,Buy,PLTR,69608A108,PALANTIR TECHNOLOGIES INC,"497,100",0.2
ARKG,1/15/2021,Buy,RHHBY,771195104,ROCHE HOLDING AG,"297,578",0.1296
ARKG,1/15/2021,Buy,TDOC,87918A105,TELADOC HEALTH INC,"70,401",0.1554
ARKG,1/15/2021,Buy,EXAS,30063P105,EXACT SCIENCES CORP,"73,913",0.1047
ARKG,1/15/2021,Buy,NVS,66987V109,NOVARTIS AG,"104,619",0.0982
ARKG,1/15/2021,Buy,SRPT,803607100,SAREPTA THERAPEUTICS INC,"221,751",0.1971
ARKG,1/15/2021,Buy,TAK,874060205,TAKEDA PHARMACEUTICAL CO LTD,"221,625",0.0378
ARKG,1/15/2021,Sell,CRSP,H17182108,CRISPR THERAPEUTICS AG,"119,362",0.2391
ARKK,1/15/2021,Buy,DOCU,256163106,DOCUSIGN INC,"93,747",0.1052
ARKK,1/15/2021,Buy,SHOP,82509L107,SHOPIFY INC,"29,362",0.1547
ARKK,1/15/2021,Buy,SNPS,871607107,SYNOPSYS INC,"26,425",0.0309
ARKK,1/15/2021,Buy,TXG,88025U109,10X GENOMICS INC,"53,881",0.0434
ARKK,1/15/2021,Buy,SPOT,L8681T102,SPOTIFY TECHNOLOGY SA,"88,270",0.1269
ARKK,1/15/2021,Buy,REGN,75886F107,REGENERON PHARMACEUTICALS INC,"81,933",0.191
ARKK,1/15/2021,Buy,PYPL,70450Y103,PAYPAL HOLDINGS INC,"184,358",0.2
ARKK,1/15/2021,Sell,MCRB,81750R102,SERES THERAPEUTICS INC,"3,973",0.0005
ARKK,1/15/2021,Sell,ONVO,68620A203,ORGANOVO HOLDINGS INC,"2,591",0.0002
ARKK,1/15/2021,Sell,CRSP,H17182108,CRISPR THERAPEUTICS AG,"80,673",0.0742
ARKK,1/15/2021,Sell,NSTG,63009R109,NANOSTRING TECHNOLOGIES INC,"99,970",0.0338
ARKK,1/15/2021,Sell,CGEN,M25722105,COMPUGEN LTD,"10,567",0.0007
ARKQ,1/15/2021,Buy,CAT,149123101,CATERPILLAR INC,"20,430",0.1673
ARKQ,1/15/2021,Buy,DE,244199105,DEERE & CO,"13,954",0.1731
ARKQ,1/15/2021,Buy,NXPI,N6596X109,NXP SEMICONDUCTORS NV,"34,681",0.2545
ARKQ,1/15/2021,Buy,TDY,879360105,TELEDYNE TECHNOLOGIES INC,"18,000",0.2905
ARKQ,1/15/2021,Buy,ESLT,M3760D101,ELBIT SYSTEMS LTD,"4,128",0.024
ARKQ,1/15/2021,Buy,KMTUY,500458401,KOMATSU LTD,"205,910",0.2548
ARKQ,1/15/2021,Buy,EXPC,30217C109,EXPERIENCE INVESTMENT CORP,"5,221",0.0031
ARKF,1/19/2021,Buy,OPEN,683712103,OPENDOOR TECHNOLOGIES INC,"192,103",0.22
ARKF,1/19/2021,Sell,SQ,852234103,SQUARE INC,"26,800",0.25
ARKG,1/19/2021,Buy,TDOC,87918A105,TELADOC HEALTH INC,"45,371",0.1
ARKG,1/19/2021,Buy,BMY,110122108,BRISTOL-MYERS SQUIBB CO,"328,990",0.21
ARKG,1/19/2021,Buy,NVS,66987V109,NOVARTIS AG,"62,491",0.06
ARKG,1/19/2021,Buy,VRTX,92532F100,VERTEX PHARMACEUTICALS INC,"68,763",0.15
ARKG,1/19/2021,Buy,EXAS,30063P105,EXACT SCIENCES CORP,"107,956",0.15
ARKG,1/19/2021,Buy,ACCD,4.37E+104,ACCOLADE INC,"89,838",0.05
ARKG,1/19/2021,Buy,TAK,874060205,TAKEDA PHARMACEUTICAL CO LTD,"597,000",0.1
ARKG,1/19/2021,Buy,ONEM,68269G107,1LIFE HEALTHCARE INC,"175,100",0.08
ARKG,1/19/2021,Buy,RHHBY,771195104,ROCHE HOLDING AG,"286,020",0.12
ARKG,1/19/2021,Sell,TWST,90184D100,TWIST BIOSCIENCE CORP,"20,547",0.04
ARKG,1/19/2021,Sell,CRSP,H17182108,CRISPR THERAPEUTICS AG,"61,326",0.11
ARKG,1/19/2021,Sell,PACB,69404D108,PACIFIC BIOSCIENCES OF CALIFORNIA INC,"121,424",0.05
ARKG,1/19/2021,Sell,CSTL,14843C105,CASTLE BIOSCIENCES INC,"4,535",0
ARKK,1/19/2021,Buy,DOCU,256163106,DOCUSIGN INC,"38,938",0.04
ARKK,1/19/2021,Buy,TCEHY,88032Q109,TENCENT HOLDINGS LTD,"208,200",0.08
ARKK,1/19/2021,Buy,REGN,75886F107,REGENERON PHARMACEUTICALS INC,"61,494",0.15
ARKK,1/19/2021,Buy,SPOT,L8681T102,SPOTIFY TECHNOLOGY SA,"94,419",0.13
ARKK,1/19/2021,Buy,SNPS,871607107,SYNOPSYS INC,"65,045",0.08
ARKK,1/19/2021,Buy,TXG,88025U109,10X GENOMICS INC,"130,479",0.1
ARKK,1/19/2021,Sell,TSLA,88160R101,TESLA INC,"137,046",0.51
ARKK,1/19/2021,Sell,CGEN,M25722105,COMPUGEN LTD,"143,018",0.01
ARKK,1/19/2021,Sell,NSTG,63009R109,NANOSTRING TECHNOLOGIES INC,"39,914",0.01
ARKK,1/19/2021,Sell,MCRB,81750R102,SERES THERAPEUTICS INC,"76,444",0.01
ARKK,1/19/2021,Sell,ONVO,68620A203,ORGANOVO HOLDINGS INC,"51,832",0
ARKK,1/19/2021,Sell,CRSP,H17182108,CRISPR THERAPEUTICS AG,"176,098",0.16
ARKQ,1/19/2021,Buy,ESLT,M3760D101,ELBIT SYSTEMS LTD,"3,819",0.02
ARKW,1/19/2021,Buy,CRM,79466L302,SALESFORCE.COM INC,"87,095",0.31
ARKW,1/19/2021,Buy,ADBE,00724F101,ADOBE INC,"27,853",0.21
ARKW,1/19/2021,Buy,NFLX,64110L106,NETFLIX INC,"48,614",0.4
ARKW,1/19/2021,Buy,FSLY,31188V100,FASTLY INC,"137,400",0.21
ARKW,1/19/2021,Buy,SKLZ,83067L109,SKILLZ INC,"429,074",0.19
ARKW,1/19/2021,Buy,ADYEY,00783V104,ADYEN NV,"35,600",0.03
ARKW,1/19/2021,Sell,MELI,58733R102,MERCADOLIBRE INC,"9,907",0.31
ARKW,1/19/2021,Sell,ROKU,77543R102,ROKU INC,"79,246",0.55
ARKW,1/19/2021,Sell,SNAP,83304A106,SNAP INC,"255,034",0.21
ARKW,1/19/2021,Sell,TSLA,88160R101,TESLA INC,"14,000",0.19
ARKF,1/20/2021,Buy,OPEN,683712103,OPENDOOR TECHNOLOGIES INC,"214,800",0.2492
ARKF,1/20/2021,Sell,SQ,852234103,SQUARE INC,"27,425",0.2477
ARKG,1/20/2021,Buy,ACCD,4.37E+104,ACCOLADE INC,"173,507",0.0864
ARKG,1/20/2021,Buy,BMY,110122108,BRISTOL-MYERS SQUIBB CO,"174,332",0.1033
ARKG,1/20/2021,Buy,VRTX,92532F100,VERTEX PHARMACEUTICALS INC,"26,400",0.0553
ARKG,1/20/2021,Buy,TAK,874060205,TAKEDA PHARMACEUTICAL CO LTD,"614,794",0.0964
ARKG,1/20/2021,Buy,RHHBY,771195104,ROCHE HOLDING AG,"481,803",0.193
ARKG,1/20/2021,Buy,NVS,66987V109,NOVARTIS AG,"195,595",0.1686
ARKG,1/20/2021,Sell,CRSP,H17182108,CRISPR THERAPEUTICS AG,"8,303",0.0146
ARKG,1/20/2021,Sell,PACB,69404D108,PACIFIC BIOSCIENCES OF CALIFORNIA INC,"264,450",0.0917
ARKG,1/20/2021,Sell,TWST,90184D100,TWIST BIOSCIENCE CORP,"56,203",0.1043
ARKG,1/20/2021,Sell,CSTL,14843C105,CASTLE BIOSCIENCES INC,"52,034",0.0378
ARKK,1/20/2021,Buy,TXG,88025U109,10X GENOMICS INC,"72,748",0.0568
ARKK,1/20/2021,Buy,REGN,75886F107,REGENERON PHARMACEUTICALS INC,"84,941",0.1954
ARKK,1/20/2021,Buy,TCEHY,88032Q109,TENCENT HOLDINGS LTD,"565,671",0.212
ARKK,1/20/2021,Buy,PCAR,693718108,PACCAR INC,"174,100",0.0665
ARKK,1/20/2021,Sell,CGEN,M25722105,COMPUGEN LTD,"37,707",0.0022
ARKK,1/20/2021,Sell,NSTG,63009R109,NANOSTRING TECHNOLOGIES INC,"87,031",0.0268
ARKK,1/20/2021,Sell,ONVO,68620A203,ORGANOVO HOLDINGS INC,"44,520",0.0029
ARKQ,1/20/2021,Buy,BIDU,56752108,BAIDU INC,"39,600",0.3928
ARKQ,1/20/2021,Buy,JD,47215P106,JD.COM INC,"83,600",0.3033
ARKQ,1/20/2021,Buy,SNPS,871607107,SYNOPSYS INC,"14,300",0.1506
ARKQ,1/20/2021,Buy,EXPC,30217C109,EXPERIENCE INVESTMENT CORP,"195,439",0.1042
ARKQ,1/20/2021,Sell,IRDM,46269C102,IRIDIUM COMMUNICATIONS INC,"181,976",0.3395
ARKQ,1/20/2021,Sell,WKHS,98138J206,WORKHORSE GROUP INC,"539,400",0.4835
ARKQ,1/20/2021,Sell,MTLS,57667T100,MATERIALISE NV,"64,001",0.19
ARKW,1/20/2021,Buy,ADYEY,00783V104,ADYEN NV,"42,300",0.03
ARKW,1/20/2021,Buy,SNPS,871607107,SYNOPSYS INC,"46,656",0.1978
ARKW,1/20/2021,Sell,TSLA,88160R101,TESLA INC,"10,500",0.1371
ARKG,1/21/2021,Buy,ONEM,68269G107,1LIFE HEALTHCARE INC,"2,964",0.0013
ARKG,1/21/2021,Buy,ACCD,4.37E+104,ACCOLADE INC,"11,762",0.006
ARKG,1/21/2021,Buy,NVS,66987V109,NOVARTIS AG,"77,165",0.0668
ARKG,1/21/2021,Buy,IONS,462222100,IONIS PHARMACEUTICALS INC,"53,044",0.029
ARKG,1/21/2021,Buy,VRTX,92532F100,VERTEX PHARMACEUTICALS INC,"97,555",0.2084
ARKG,1/21/2021,Buy,RHHBY,771195104,ROCHE HOLDING AG,"285,347",0.1146
ARKG,1/21/2021,Buy,TAK,874060205,TAKEDA PHARMACEUTICAL CO LTD,"446,900",0.0695
ARKG,1/21/2021,Buy,TAK,874060205,TAKEDA PHARMACEUTICAL CO LTD,"468,427",0.0726
ARKG,1/21/2021,Buy,BEAM,07373V105,BEAM THERAPEUTICS INC,"255,513",0.214
ARKG,1/21/2021,Buy,INCY,45337C102,INCYTE CORP,"218,352",0.1836
ARKG,1/21/2021,Sell,TWST,90184D100,TWIST BIOSCIENCE CORP,"5,953",0.0107
ARKG,1/21/2021,Sell,CRSP,H17182108,CRISPR THERAPEUTICS AG,"43,246",0.0723
ARKG,1/21/2021,Sell,CSTL,14843C105,CASTLE BIOSCIENCES INC,"10,133",0.0074
ARKK,1/21/2021,Buy,PINS,72352L106,PINTEREST INC,"563,311",0.1772
ARKK,1/21/2021,Buy,PYPL,70450Y103,PAYPAL HOLDINGS INC,"110,181",0.1167
ARKK,1/21/2021,Buy,REGN,75886F107,REGENERON PHARMACEUTICALS INC,"84,578",0.1919
ARKK,1/21/2021,Buy,TXG,88025U109,10X GENOMICS INC,"83,229",0.0647
ARKK,1/21/2021,Buy,NTDOY,654445303,NINTENDO CO LTD,"35,300",0.0114
ARKK,1/21/2021,Buy,TCEHY,88032Q109,TENCENT HOLDINGS LTD,"588,079",0.2216
ARKK,1/21/2021,Buy,PCAR,693718108,PACCAR INC,"224,557",0.0911
ARKK,1/21/2021,Buy,SHOP,82509L107,SHOPIFY INC,"39,612",0.202
ARKK,1/21/2021,Sell,CGEN,M25722105,COMPUGEN LTD,"12,750",0.0007
ARKK,1/21/2021,Sell,ONVO,68620A203,ORGANOVO HOLDINGS INC,"34,559",0.0024
ARKK,1/21/2021,Sell,NSTG,63009R109,NANOSTRING TECHNOLOGIES INC,"97,271",0.03
ARKQ,1/21/2021,Buy,BIDU,56752108,BAIDU INC,"10,470",0.1009
ARKQ,1/21/2021,Buy,NVDA,67066G104,NVIDIA CORP,"9,951",0.2009
ARKQ,1/21/2021,Buy,JD,47215P106,JD.COM INC,"57,723",0.202
ARKQ,1/21/2021,Buy,JD,47215P106,JD.COM INC,"85,075",0.2963
ARKQ,1/21/2021,Buy,MGA,559222401,MAGNA INTERNATIONAL INC,"54,220",0.1548
ARKQ,1/21/2021,Buy,SNPS,871607107,SYNOPSYS INC,"35,003",0.3552
ARKQ,1/21/2021,Buy,KTOS,50077B207,KRATOS DEFENSE & SECURITY SOLUTIONS INC,"80,343",0.0883
ARKQ,1/21/2021,Sell,MTLS,57667T100,MATERIALISE NV,"51,729",0.1328
ARKW,1/21/2021,Buy,ADYEY,00783V104,ADYEN NV,"55,000",0.0395
ARKG,1/22/2021,Buy,VRTX,92532F100,VERTEX PHARMACEUTICALS INC,"22,300",0.0466
ARKG,1/22/2021,Buy,BEAM,07373V105,BEAM THERAPEUTICS INC,"28,771",0.0236
ARKG,1/22/2021,Buy,EXAS,30063P105,EXACT SCIENCES CORP,"70,593",0.0921
ARKG,1/22/2021,Buy,TMO,883556102,THERMO FISHER SCIENTIFIC INC,"67,644",0.3026
ARKG,1/22/2021,Buy,IONS,462222100,IONIS PHARMACEUTICALS INC,"77,059",0.0415
ARKG,1/22/2021,Buy,VEEV,922475108,VEEVA SYSTEMS INC,"67,146",0.1688
ARKG,1/22/2021,Buy,TAK,874060205,TAKEDA PHARMACEUTICAL CO LTD,"1,608,515",0.2513
ARKG,1/22/2021,Buy,INCY,45337C102,INCYTE CORP,"201,227",0.1694
ARKG,1/22/2021,Sell,TWST,90184D100,TWIST BIOSCIENCE CORP,"41,632",0.0693
ARKG,1/22/2021,Sell,CSTL,14843C105,CASTLE BIOSCIENCES INC,"5,936",0.0041
ARKG,1/22/2021,Sell,CRSP,H17182108,CRISPR THERAPEUTICS AG,"106,700",0.1744
ARKK,1/22/2021,Buy,PINS,72352L106,PINTEREST INC,"50,394",0.0158
ARKK,1/22/2021,Buy,PYPL,70450Y103,PAYPAL HOLDINGS INC,"80,852",0.0848
ARKK,1/22/2021,Buy,PCAR,693718108,PACCAR INC,"47,917",0.0196
ARKK,1/22/2021,Buy,TSM,874039100,TAIWAN SEMICONDUCTOR MANUFACTURING CO LTD,"545,875",0.2978
ARKK,1/22/2021,Buy,TXG,88025U109,10X GENOMICS INC,"36,924",0.0289
ARKK,1/22/2021,Buy,NTDOY,654445303,NINTENDO CO LTD,"72,100",0.0233
ARKK,1/22/2021,Sell,CGEN,M25722105,COMPUGEN LTD,"56,200",0.0029
ARKK,1/22/2021,Sell,ROKU,77543R102,ROKU INC,"87,870",0.155
ARKK,1/22/2021,Sell,ONVO,68620A203,ORGANOVO HOLDINGS INC,"8,276",0.0005
ARKQ,1/22/2021,Buy,TSM,874039100,TAIWAN SEMICONDUCTOR MANUFACTURING CO LTD,"64,338",0.3037
ARKQ,1/22/2021,Buy,KTOS,50077B207,KRATOS DEFENSE & SECURITY SOLUTIONS INC,"92,824",0.1004
ARKQ,1/22/2021,Sell,MTLS,57667T100,MATERIALISE NV,"15,893",0.0396
ARKW,1/22/2021,Buy,ADYEY,00783V104,ADYEN NV,"60,000",0.0427
ARKW,1/22/2021,Buy,TSM,874039100,TAIWAN SEMICONDUCTOR MANUFACTURING CO LTD,"150,274",0.2952
ARKW,1/22/2021,Sell,SPLK,848637104,SPLUNK INC,"166,756",0.4328
ARKW,1/22/2021,Sell,ROKU,77543R102,ROKU INC,"23,200",0.1476
ARKF,1/25/2021,Buy,JD,47215P106,JD.COM INC,"83,601",0.3024
ARKF,1/25/2021,Sell,MELI,58733R102,MERCADOLIBRE INC,"8,585",0.5989
ARKG,1/25/2021,Buy,VEEV,922475108,VEEVA SYSTEMS INC,"51,200",0.1299
ARKG,1/25/2021,Buy,CDXS,192005106,CODEXIS INC,"39,184",0.0084
ARKG,1/25/2021,Buy,TXG,88025U109,10X GENOMICS INC,"46,935",0.0741
ARKG,1/25/2021,Buy,BEAM,07373V105,BEAM THERAPEUTICS INC,"25,000",0.0219
ARKG,1/25/2021,Buy,INCY,45337C102,INCYTE CORP,"33,900",0.0294
ARKG,1/25/2021,Buy,EXAS,30063P105,EXACT SCIENCES CORP,"191,184",0.2555
ARKG,1/25/2021,Buy,IONS,462222100,IONIS PHARMACEUTICALS INC,"176,756",0.0952
ARKG,1/25/2021,Buy,TAK,874060205,TAKEDA PHARMACEUTICAL CO LTD,"1,215,000",0.1939
ARKG,1/25/2021,Buy,ACCD,4.37E+104,ACCOLADE INC,"435,051",0.2103
ARKG,1/25/2021,Sell,PACB,69404D108,PACIFIC BIOSCIENCES OF CALIFORNIA INC,"60,401",0.0188
ARKG,1/25/2021,Sell,CRSP,H17182108,CRISPR THERAPEUTICS AG,"71,821",0.113
ARKG,1/25/2021,Sell,CSTL,14843C105,CASTLE BIOSCIENCES INC,"17,709",0.0119
ARKG,1/25/2021,Sell,TWST,90184D100,TWIST BIOSCIENCE CORP,"51,571",0.0839
ARKK,1/25/2021,Buy,NTDOY,654445303,NINTENDO CO LTD,"217,200",0.0684
ARKK,1/25/2021,Buy,PCAR,693718108,PACCAR INC,"90,981",0.0369
ARKK,1/25/2021,Sell,CGEN,M25722105,COMPUGEN LTD,"54,768",0.0029
ARKK,1/25/2021,Sell,ONVO,68620A203,ORGANOVO HOLDINGS INC,"9,607",0.0006
ARKQ,1/25/2021,Buy,ISRG,46120E602,INTUITIVE SURGICAL INC,"9,071",0.2386
ARKQ,1/25/2021,Sell,IRDM,46269C102,IRIDIUM COMMUNICATIONS INC,"20,619",0.0354
ARKQ,1/25/2021,Sell,AVAV,8073108,AEROVIRONMENT INC,"8,390",0.0395
ARKQ,1/25/2021,Sell,MTLS,57667T100,MATERIALISE NV,"34,086",0.0878
ARKW,1/25/2021,Buy,ADYEY,00783V104,ADYEN NV,"66,724",0.0455
ARKW,1/25/2021,Buy,API,00851L103,AGORA INC,"225,525",0.1583
ARKW,1/25/2021,Buy,ICE,45866F104,INTERCONTINENTAL EXCHANGE INC,"89,508",0.1496
ARKW,1/25/2021,Buy,TWLO,90138F102,TWILIO INC,"25,627",0.1514
ARKW,1/25/2021,Sell,SPLK,848637104,SPLUNK INC,"193,112",0.4866
ARKW,1/25/2021,Sell,ROKU,77543R102,ROKU INC,"18,700",0.1177
ARKG,1/26/2021,Buy,TXG,88025U109,10X GENOMICS INC,"122,538",0.1939
ARKG,1/26/2021,Buy,IONS,462222100,IONIS PHARMACEUTICALS INC,"134,100",0.0761
ARKG,1/26/2021,Buy,INCY,45337C102,INCYTE CORP,"101,175",0.0904
ARKG,1/26/2021,Buy,CDXS,192005106,CODEXIS INC,"58,628",0.0133
ARKG,1/26/2021,Buy,EXAS,30063P105,EXACT SCIENCES CORP,"44,160",0.0606
ARKG,1/26/2021,Sell,PACB,69404D108,PACIFIC BIOSCIENCES OF CALIFORNIA INC,"21,269",0.0068
ARKK,1/26/2021,Buy,PCAR,693718108,PACCAR INC,"100,700",0.0413
ARKK,1/26/2021,Buy,PCAR,693718108,PACCAR INC,"197,800",0.0817
ARKK,1/26/2021,Buy,NVS,66987V109,NOVARTIS AG,"364,291",0.1473
ARKK,1/26/2021,Buy,NTDOY,654445303,NINTENDO CO LTD,"125,200",0.0402
ARKK,1/26/2021,Sell,ONVO,68620A203,ORGANOVO HOLDINGS INC,"1,062",0.0001
ARKQ,1/26/2021,Buy,KMTUY,500458401,KOMATSU LTD,"168,079",0.1589
ARKQ,1/26/2021,Buy,EXPC,30217C109,EXPERIENCE INVESTMENT CORP,"15,731",0.0076
ARKQ,1/26/2021,Buy,ROK,773903109,ROCKWELL AUTOMATION INC,"23,735",0.1993
ARKQ,1/26/2021,Buy,TER,880770102,TERADYNE INC,"86,026",0.4027
ARKQ,1/26/2021,Buy,PCAR,693718108,PACCAR INC,"77,700",0.2489
ARKQ,1/26/2021,Sell,TSLA,88160R101,TESLA INC,"6,876",0.2043
ARKQ,1/26/2021,Sell,MTLS,57667T100,MATERIALISE NV,"24,895",0.0573
ARKQ,1/26/2021,Sell,AVAV,8073108,AEROVIRONMENT INC,"32,000",0.1372
ARKQ,1/26/2021,Sell,IRDM,46269C102,IRIDIUM COMMUNICATIONS INC,"97,498",0.1598
ARKW,1/26/2021,Buy,API,00851L103,AGORA INC,"476,091",0.3458
ARKW,1/26/2021,Buy,TWTR,90184L102,TWITTER INC,"1,412,246",1.0672
ARKW,1/26/2021,Buy,ADYEY,00783V104,ADYEN NV,"19,800",0.0134
ARKW,1/26/2021,Sell,PINS,72352L106,PINTEREST INC,"400,584",0.4257
ARKW,1/26/2021,Sell,SNAP,83304A106,SNAP INC,"623,400",0.4974
ARKW,1/26/2021,Sell,ROKU,77543R102,ROKU INC,"60,266",0.3807
ARKG,1/28/2021,Buy,RPTX,760273102,REPARE THERAPEUTICS INC,"81,400",0.03
ARKG,1/28/2021,Buy,ACCD,4.37E+104,ACCOLADE INC,"45,600",0.02
ARKG,1/28/2021,Buy,CDXS,192005106,CODEXIS INC,"22,218",0
ARKG,1/28/2021,Buy,IONS,462222100,IONIS PHARMACEUTICALS INC,"28,000",0.02
ARKG,1/28/2021,Buy,TXG,88025U109,10X GENOMICS INC,"16,900",0.03
ARKG,1/28/2021,Sell,GOOGL,02079K305,ALPHABET INC,"4,300",0.07
ARKG,1/28/2021,Sell,PACB,69404D108,PACIFIC BIOSCIENCES OF CALIFORNIA INC,"72,827",0.02
ARKK,1/28/2021,Buy,NVS,66987V109,NOVARTIS AG,"150,052",0.06
ARKK,1/28/2021,Buy,FATE,31189P102,FATE THERAPEUTICS INC,"1,515",0
ARKK,1/28/2021,Buy,TSLA,88160R101,TESLA INC,"51,643",0.18
ARKK,1/28/2021,Sell,ROKU,77543R102,ROKU INC,"55,744",0.1
ARKQ,1/28/2021,Buy,EXPC,30217C109,EXPERIENCE INVESTMENT CORP,"144,804",0.07
ARKQ,1/28/2021,Buy,TER,880770102,TERADYNE INC,"60,732",0.25
ARKQ,1/28/2021,Sell,MTLS,57667T100,MATERIALISE NV,"16,419",0.04
ARKW,1/28/2021,Buy,SKLZ,83067L109,SKILLZ INC,"268,200",0.11
ARKW,1/28/2021,Buy,TSLA,88160R101,TESLA INC,"15,300",0.19
ARKG,1/29/2021,Buy,CDXS,192005106,CODEXIS INC,"63,705",0.01
ARKG,1/29/2021,Buy,IONS,462222100,IONIS PHARMACEUTICALS INC,"67,820",0.04
ARKG,1/29/2021,Buy,TXG,88025U109,10X GENOMICS INC,"45,313",0.07
ARKG,1/29/2021,Sell,PACB,69404D108,PACIFIC BIOSCIENCES OF CALIFORNIA INC,"17,304",0.01
ARKK,1/29/2021,Buy,PCAR,693718108,PACCAR INC,"74,461",0.03
ARKK,1/29/2021,Buy,TSLA,88160R101,TESLA INC,"85,562",0.3
ARKK,1/29/2021,Buy,NVS,66987V109,NOVARTIS AG,"92,187",0.04
ARKK,1/29/2021,Buy,FATE,31189P102,FATE THERAPEUTICS INC,"95,867",0.04
ARKK,1/29/2021,Buy,BEAM,07373V105,BEAM THERAPEUTICS INC,"95,870",0.04
ARKK,1/29/2021,Buy,BEKE,482497104,KE HOLDINGS INC,"361,110",0.09
ARKK,1/29/2021,Sell,SQ,852234103,SQUARE INC,"27,600",0.03
ARKK,1/29/2021,Sell,PYPL,70450Y103,PAYPAL HOLDINGS INC,"24,900",0.03
ARKK,1/29/2021,Sell,TSM,874039100,TAIWAN SEMICONDUCTOR MANUFACTURING CO LTD,"89,467",0.05
ARKK,1/29/2021,Sell,SPLK,848637104,SPLUNK INC,"10,835",0.01
ARKK,1/29/2021,Sell,REGN,75886F107,REGENERON PHARMACEUTICALS INC,"6,007",0.01
ARKK,1/29/2021,Sell,SQ,852234103,SQUARE INC,"82,410",0.08
ARKK,1/29/2021,Sell,PINS,72352L106,PINTEREST INC,"88,700",0.03
ARKK,1/29/2021,Sell,REGN,75886F107,REGENERON PHARMACEUTICALS INC,"8,900",0.02
ARKK,1/29/2021,Sell,Z,98954M200,ZILLOW GROUP INC,"94,692",0.05
ARKK,1/29/2021,Sell,PINS,72352L106,PINTEREST INC,"240,818",0.07
ARKK,1/29/2021,Sell,SPLK,848637104,SPLUNK INC,"21,672",0.02
ARKK,1/29/2021,Sell,PYPL,70450Y103,PAYPAL HOLDINGS INC,"88,100",0.09
ARKK,1/29/2021,Sell,ROKU,77543R102,ROKU INC,"55,837",0.1
ARKK,1/29/2021,Sell,TSM,874039100,TAIWAN SEMICONDUCTOR MANUFACTURING CO LTD,"183,257",0.1
ARKQ,1/29/2021,Buy,EXPC,30217C109,EXPERIENCE INVESTMENT CORP,"58,639",0.03
ARKQ,1/29/2021,Sell,MTLS,57667T100,MATERIALISE NV,"5,585",0.01
ARKW,1/29/2021,Buy,TSLA,88160R101,TESLA INC,"23,434",0.29
ARKW,1/29/2021,Sell,API,00851L103,AGORA INC,"51,104",0.04
ARKW,1/29/2021,Sell,ROKU,77543R102,ROKU INC,"33,512",0.2
ARKW,1/29/2021,Sell,FB,30303M102,FACEBOOK INC,"25,943",0.1
ARKG,2/1/2021,Buy,CDXS,192005106,CODEXIS INC,"62,497",0.0134
ARKG,2/1/2021,Buy,RPTX,760273102,REPARE THERAPEUTICS INC,"10,283",0.0034
ARKG,2/1/2021,Sell,PACB,69404D108,PACIFIC BIOSCIENCES OF CALIFORNIA INC,"210,508",0.0645
ARKK,2/1/2021,Buy,FATE,31189P102,FATE THERAPEUTICS INC,"154,509",0.0608
ARKK,2/1/2021,Buy,PCAR,693718108,PACCAR INC,"263,029",0.1024
ARKK,2/1/2021,Buy,TER,880770102,TERADYNE INC,"295,371",0.1465
ARKK,2/1/2021,Buy,BEAM,07373V105,BEAM THERAPEUTICS INC,"58,218",0.0241
ARKK,2/1/2021,Sell,REGN,75886F107,REGENERON PHARMACEUTICALS INC,"5,130",0.0111
ARKK,2/1/2021,Sell,SQ,852234103,SQUARE INC,"88,752",0.0818
ARKK,2/1/2021,Sell,PYPL,70450Y103,PAYPAL HOLDINGS INC,"74,931",0.0754
ARKK,2/1/2021,Sell,TSM,874039100,TAIWAN SEMICONDUCTOR MANUFACTURING CO LTD,"178,392",0.0947
ARKK,2/1/2021,Sell,SPLK,848637104,SPLUNK INC,"33,677",0.024
ARKK,2/1/2021,Sell,Z,98954M200,ZILLOW GROUP INC,"85,043",0.0476
ARKQ,2/1/2021,Buy,NVDA,67066G104,NVIDIA CORP,"28,521",0.502
ARKQ,2/1/2021,Buy,LMT,539830109,LOCKHEED MARTIN CORP,"47,673",0.5146
ARKQ,2/1/2021,Sell,TSM,874039100,TAIWAN SEMICONDUCTOR MANUFACTURING CO LTD,"35,947",0.1506
ARKQ,2/1/2021,Sell,SPCE,92766K106,VIRGIN GALACTIC HOLDINGS INC,"109,300",0.1935
ARKQ,2/1/2021,Sell,NNDM,63008G203,NANO DIMENSION LTD,"300,200",0.1406
ARKQ,2/1/2021,Sell,FLIR,302445101,FLIR SYSTEMS INC,"70,604",0.1255
ARKQ,2/1/2021,Sell,AVAV,8073108,AEROVIRONMENT INC,"6,132",0.0241
ARKQ,2/1/2021,Sell,IRDM,46269C102,IRIDIUM COMMUNICATIONS INC,"38,767",0.0644
ARKQ,2/1/2021,Sell,MTLS,57667T100,MATERIALISE NV,"62,000",0.1412
ARKQ,2/1/2021,Sell,BYDDY,05606L100,BYD CO LTD,"31,503",0.0671
ARKW,2/1/2021,Buy,BEKE,482497104,KE HOLDINGS INC,"110,900",0.0986
ARKW,2/1/2021,Buy,NVDA,67066G104,NVIDIA CORP,"64,133",0.4975
ARKW,2/1/2021,Buy,DKNG,26142R104,DRAFTKINGS INC,"620,300",0.5007
ARKW,2/1/2021,Sell,API,00851L103,AGORA INC,"54,100",0.0577
ARKW,2/1/2021,Sell,ROKU,77543R102,ROKU INC,"73,244",0.4403
ARKW,2/1/2021,Sell,TSM,874039100,TAIWAN SEMICONDUCTOR MANUFACTURING CO LTD,"135,094",0.2477
ARKW,2/1/2021,Sell,FSLY,31188V100,FASTLY INC,"166,618",0.2675
ARKF,2/2/2021,Buy,BEKE,482497104,KE HOLDINGS INC,"114,300",0.2451
ARKF,2/2/2021,Sell,SE,81141R100,SEA LTD,"29,463",0.2364
ARKG,2/2/2021,Buy,RPTX,760273102,REPARE THERAPEUTICS INC,"8,401",0.0027
ARKG,2/2/2021,Buy,VRTX,92532F100,VERTEX PHARMACEUTICALS INC,"81,700",0.1571
ARKG,2/2/2021,Buy,NVS,66987V109,NOVARTIS AG,"30,705",0.0243
ARKG,2/2/2021,Sell,TWST,90184D100,TWIST BIOSCIENCE CORP,"36,731",0.0641
ARKK,2/2/2021,Buy,FATE,31189P102,FATE THERAPEUTICS INC,"5,878",0.0023
ARKK,2/2/2021,Buy,BEAM,07373V105,BEAM THERAPEUTICS INC,"18,210",0.0073
ARKK,2/2/2021,Buy,PCAR,693718108,PACCAR INC,"353,900",0.1323
ARKK,2/2/2021,Buy,TER,880770102,TERADYNE INC,"605,664",0.2977
ARKK,2/2/2021,Sell,SPLK,848637104,SPLUNK INC,"66,224",0.0476
ARKQ,2/2/2021,Buy,LMT,539830109,LOCKHEED MARTIN CORP,"16,500",0.1759
ARKQ,2/2/2021,Sell,FLIR,302445101,FLIR SYSTEMS INC,"65,160",0.1139
ARKQ,2/2/2021,Sell,AVAV,8073108,AEROVIRONMENT INC,"6,193",0.0239
ARKQ,2/2/2021,Sell,MTLS,57667T100,MATERIALISE NV,"18,976",0.0441
ARKQ,2/2/2021,Sell,IRDM,46269C102,IRIDIUM COMMUNICATIONS INC,"86,227",0.1398
ARKQ,2/2/2021,Sell,MTLS,57667T100,MATERIALISE NV,"39,000",0.0941
ARKQ,2/2/2021,Sell,BYDDY,05606L100,BYD CO LTD,"37,196",0.0825
ARKW,2/2/2021,Sell,FSLY,31188V100,FASTLY INC,"22,800",0.0344
ARKG,2/3/2021,Buy,NVS,66987V109,NOVARTIS AG,"299,907",0.2332
ARKG,2/3/2021,Buy,VRTX,92532F100,VERTEX PHARMACEUTICALS INC,"57,100",0.1072
ARKG,2/3/2021,Sell,TWST,90184D100,TWIST BIOSCIENCE CORP,"97,415",0.1615
ARKK,2/3/2021,Buy,SPOT,L8681T102,SPOTIFY TECHNOLOGY SA,"385,932",0.498
ARKK,2/3/2021,Buy,PCAR,693718108,PACCAR INC,"318,474",0.1231
ARKK,2/3/2021,Buy,FATE,31189P102,FATE THERAPEUTICS INC,"98,059",0.0394
ARKK,2/3/2021,Buy,TER,880770102,TERADYNE INC,"104,809",0.0524
ARKK,2/3/2021,Sell,ROKU,77543R102,ROKU INC,"53,551",0.0924
ARKK,2/3/2021,Sell,ONVO,68620A203,ORGANOVO HOLDINGS INC,"25,276",0.0015
ARKK,2/3/2021,Sell,SPLK,848637104,SPLUNK INC,"173,800",0.1217
ARKQ,2/3/2021,Buy,TER,880770102,TERADYNE INC,"189,234",0.7044
ARKQ,2/3/2021,Sell,NNDM,63008G203,NANO DIMENSION LTD,"310,800",0.1462
ARKQ,2/3/2021,Sell,FLIR,302445101,FLIR SYSTEMS INC,"50,496",0.0842
ARKQ,2/3/2021,Sell,AVAV,8073108,AEROVIRONMENT INC,"13,095",0.0484
ARKQ,2/3/2021,Sell,BYDDY,05606L100,BYD CO LTD,"31,150",0.0652
ARKQ,2/3/2021,Sell,MTLS,57667T100,MATERIALISE NV,"47,430",0.1039
ARKW,2/3/2021,Buy,SPOT,L8681T102,SPOTIFY TECHNOLOGY SA,"117,796",0.5059
ARKW,2/3/2021,Sell,PSTG,74624M102,PURE STORAGE INC,"261,344",0.095
ARKF,2/4/2021,Buy,BILL,90043100,BILL.COM HOLDINGS INC,"98,899",0.4469
ARKF,2/4/2021,Buy,PYPL,70450Y103,PAYPAL HOLDINGS INC,"66,100",0.5743
ARKF,2/4/2021,Sell,LSPD,53227R106,LIGHTSPEED POS INC,"371,800",0.8888
ARKK,2/4/2021,Buy,PCAR,693718108,PACCAR INC,"341,900",0.1319
ARKK,2/4/2021,Buy,NVS,66987V109,NOVARTIS AG,"247,057",0.0883
ARKK,2/4/2021,Buy,FATE,31189P102,FATE THERAPEUTICS INC,"56,095",0.0227
ARKK,2/4/2021,Sell,ROKU,77543R102,ROKU INC,"73,362",0.1243
ARKK,2/4/2021,Sell,ONVO,68620A203,ORGANOVO HOLDINGS INC,"7,639",0.0004
ARKK,2/4/2021,Sell,SPLK,848637104,SPLUNK INC,"75,789",0.0519
ARKQ,2/4/2021,Buy,TER,880770102,TERADYNE INC,"90,219",0.333
ARKQ,2/4/2021,Sell,MTLS,57667T100,MATERIALISE NV,"21,159",0.0458
ARKQ,2/4/2021,Sell,BYDDY,05606L100,BYD CO LTD,"17,865",0.0354
ARKQ,2/4/2021,Sell,AVAV,8073108,AEROVIRONMENT INC,"12,619",0.0458
ARKQ,2/4/2021,Sell,FLIR,302445101,FLIR SYSTEMS INC,"44,757",0.0726
ARKW,2/4/2021,Sell,PSTG,74624M102,PURE STORAGE INC,"180,074",0.0654
ARKF,2/5/2021,Buy,PYPL,70450Y103,PAYPAL HOLDINGS INC,"24,743",0.2058
ARKF,2/5/2021,Sell,LSPD,53227R106,LIGHTSPEED POS INC,"111,900",0.2554
ARKG,2/5/2021,Buy,TMO,883556102,THERMO FISHER SCIENTIFIC INC,"35,713",0.146
ARKG,2/5/2021,Buy,LGVW,543195101,LONGVIEW ACQUISITION CORP,"67,318",0.0114
ARKG,2/5/2021,Buy,VRTX,92532F100,VERTEX PHARMACEUTICALS INC,"111,700",0.2007
ARKG,2/5/2021,Buy,REGN,75886F107,REGENERON PHARMACEUTICALS INC,"62,701",0.2621
ARKK,2/5/2021,Buy,U,91332U101,UNITY SOFTWARE INC,"764,700",0.4018
ARKK,2/5/2021,Buy,NVS,66987V109,NOVARTIS AG,"282,125",0.0999
ARKK,2/5/2021,Buy,SNAP,83304A106,SNAP INC,"2,187,585",0.4974
ARKK,2/5/2021,Sell,ROKU,77543R102,ROKU INC,"59,542",0.1015
ARKK,2/5/2021,Sell,SPLK,848637104,SPLUNK INC,"98,656",0.0662
ARKK,2/5/2021,Sell,PSTG,74624M102,PURE STORAGE INC,"239,400",0.0253
ARKK,2/5/2021,Sell,ONVO,68620A203,ORGANOVO HOLDINGS INC,"18,364",0.0011
ARKK,2/5/2021,Sell,PINS,72352L106,PINTEREST INC,"1,472,171",0.4724
ARKQ,2/5/2021,Buy,KTOS,50077B207,KRATOS DEFENSE & SECURITY SOLUTIONS INC,"134,426",0.1149
ARKQ,2/5/2021,Buy,TER,880770102,TERADYNE INC,"49,277",0.1818
ARKQ,2/5/2021,Buy,NVDA,67066G104,NVIDIA CORP,"18,609",0.2977
ARKQ,2/5/2021,Sell,AVAV,8073108,AEROVIRONMENT INC,"8,344",0.03
ARKW,2/5/2021,Buy,PTON,70614W100,PELOTON INTERACTIVE INC,"106,200",0.2001
ARKW,2/5/2021,Sell,HUYA,44852D108,HUYA INC,"219,670",0.076
ARKW,2/5/2021,Sell,API,00851L103,AGORA INC,"120,800",0.1502
ARKF,2/8/2021,Buy,SHOP,82509L107,SHOPIFY INC,"31,934",1.2583
ARKF,2/8/2021,Buy,DKNG,26142R104,DRAFTKINGS INC,"272,900",0.5039
ARKF,2/8/2021,Sell,TSM,874039100,TAIWAN SEMICONDUCTOR MANUFACTURING CO LTD,"75,172",0.2955
ARKF,2/8/2021,Sell,MELI,58733R102,MERCADOLIBRE INC,"5,311",0.2986
ARKF,2/8/2021,Sell,PINS,72352L106,PINTEREST INC,"123,938",0.2904
ARKF,2/8/2021,Sell,SE,81141R100,SEA LTD,"37,851",0.2998
ARKF,2/8/2021,Sell,PDD,722304102,PINDUODUO INC,"87,005",0.4957
ARKF,2/8/2021,Sell,TCEHY,88032Q109,TENCENT HOLDINGS LTD,"106,194",0.3002
ARKG,2/8/2021,Buy,RHHBY,771195104,ROCHE HOLDING AG,"73,800",0.0256
ARKG,2/8/2021,Buy,NVS,66987V109,NOVARTIS AG,"47,803",0.0351
ARKG,2/8/2021,Buy,REGN,75886F107,REGENERON PHARMACEUTICALS INC,"72,200",0.4261
ARKG,2/8/2021,Sell,CDNA,14167L103,CAREDX INC,"36,721",0.0274
ARKK,2/8/2021,Buy,NVS,66987V109,NOVARTIS AG,"15,467",0.0054
ARKK,2/8/2021,Buy,U,91332U101,UNITY SOFTWARE INC,"419,100",0.3365
ARKK,2/8/2021,Sell,PSTG,74624M102,PURE STORAGE INC,"688,087",0.0719
ARKK,2/8/2021,Sell,MTLS,57667T100,MATERIALISE NV,"71,300",0.021
ARKK,2/8/2021,Sell,SPLK,848637104,SPLUNK INC,"73,201",0.0479
ARKK,2/8/2021,Sell,ONVO,68620A203,ORGANOVO HOLDINGS INC,"160,518",0.0109
ARKQ,2/8/2021,Buy,PCAR,693718108,PACCAR INC,"52,207",0.1401
ARKQ,2/8/2021,Buy,KTOS,50077B207,KRATOS DEFENSE & SECURITY SOLUTIONS INC,"42,985",0.0362
ARKQ,2/8/2021,Buy,EXPC,30217C109,EXPERIENCE INVESTMENT CORP,"85,911",0.0365
ARKQ,2/8/2021,Buy,KMTUY,500458401,KOMATSU LTD,"7,728",0.0064
ARKQ,2/8/2021,Buy,BABA,01609W102,ALIBABA GROUP HOLDING LTD,"136,339",0.9995
ARKQ,2/8/2021,Sell,TSM,874039100,TAIWAN SEMICONDUCTOR MANUFACTURING CO LTD,"41,000",0.1517
ARKQ,2/8/2021,Sell,SPCE,92766K106,VIRGIN GALACTIC HOLDINGS INC,"253,600",0.3948
ARKQ,2/8/2021,Sell,AVAV,8073108,AEROVIRONMENT INC,"5,991",0.021
ARKQ,2/8/2021,Sell,NNDM,63008G203,NANO DIMENSION LTD,"405,655",0.1823
ARKW,2/8/2021,Buy,DKNG,26142R104,DRAFTKINGS INC,"229,500",0.1762
ARKW,2/8/2021,Buy,TWTR,90184L102,TWITTER INC,"436,170",0.3144
ARKW,2/8/2021,Buy,SHOP,82509L107,SHOPIFY INC,"12,300",0.2046
ARKW,2/8/2021,Buy,U,91332U101,UNITY SOFTWARE INC,"183,300",0.4878
ARKW,2/8/2021,Sell,PINS,72352L106,PINTEREST INC,"329,200",0.3256
ARKW,2/8/2021,Sell,TCEHY,88032Q109,TENCENT HOLDINGS LTD,"196,000",0.2318
ARKW,2/8/2021,Sell,API,00851L103,AGORA INC,"157,993",0.1952
ARKW,2/8/2021,Sell,SE,81141R100,SEA LTD,"101,800",0.3317
ARKF,2/9/2021,Buy,PYPL,70450Y103,PAYPAL HOLDINGS INC,"20,600",0.1671
ARKF,2/9/2021,Sell,LSPD,53227R106,LIGHTSPEED POS INC,"44,100",0.0923
ARKG,2/9/2021,Buy,NVS,66987V109,NOVARTIS AG,"426,773",0.3095
ARKG,2/9/2021,Buy,RHHBY,771195104,ROCHE HOLDING AG,"200,400",0.0697
ARKG,2/9/2021,Buy,REGN,75886F107,REGENERON PHARMACEUTICALS INC,"28,723",0.1131
ARKG,2/9/2021,Sell,CDNA,14167L103,CAREDX INC,"122,543",0.0896
ARKK,2/9/2021,Buy,REGN,75886F107,REGENERON PHARMACEUTICALS INC,"12,396",0.0225
ARKK,2/9/2021,Sell,SPLK,848637104,SPLUNK INC,"18,206",0.0116
ARKK,2/9/2021,Sell,SSYS,M85548101,STRATASYS LTD,"34,471",0.0068
ARKK,2/9/2021,Sell,MTLS,57667T100,MATERIALISE NV,"42,572",0.0129
ARKK,2/9/2021,Sell,ONVO,68620A203,ORGANOVO HOLDINGS INC,"40,960",0.0028
ARKQ,2/9/2021,Buy,EXPC,30217C109,EXPERIENCE INVESTMENT CORP,"42,659",0.0179
ARKQ,2/9/2021,Buy,PCAR,693718108,PACCAR INC,"69,427",0.1804
ARKQ,2/9/2021,Buy,KMTUY,500458401,KOMATSU LTD,"117,221",0.0928
ARKQ,2/9/2021,Sell,SSYS,M85548101,STRATASYS LTD,"68,059",0.0973
ARKQ,2/9/2021,Sell,NNDM,63008G203,NANO DIMENSION LTD,"485,600",0.2079
ARKQ,2/9/2021,Sell,SPCE,92766K106,VIRGIN GALACTIC HOLDINGS INC,"20,519",0.0311
ARKQ,2/9/2021,Sell,TSM,874039100,TAIWAN SEMICONDUCTOR MANUFACTURING CO LTD,"76,027",0.2713
ARKW,2/9/2021,Buy,TWTR,90184L102,TWITTER INC,"483,217",0.34
ARKW,2/9/2021,Buy,DKNG,26142R104,DRAFTKINGS INC,"443,500",0.3287
ARKW,2/9/2021,Buy,SHOP,82509L107,SHOPIFY INC,"29,700",0.5025
ARKW,2/9/2021,Sell,PINS,72352L106,PINTEREST INC,"344,840",0.3255
ARKW,2/9/2021,Sell,API,00851L103,AGORA INC,"99,582",0.1155
ARKW,2/9/2021,Sell,TCEHY,88032Q109,TENCENT HOLDINGS LTD,"233,369",0.2671
ARKW,2/9/2021,Sell,SE,81141R100,SEA LTD,"54,529",0.1729
ARKF,2/10/2021,Buy,PYPL,70450Y103,PAYPAL HOLDINGS INC,"4,400",0.0343
ARKF,2/10/2021,Sell,LSPD,53227R106,LIGHTSPEED POS INC,"16,600",0.0335
ARKG,2/10/2021,Buy,RHHBY,771195104,ROCHE HOLDING AG,"485,288",0.1685
ARKG,2/10/2021,Buy,NVS,66987V109,NOVARTIS AG,"87,684",0.0639
ARKG,2/10/2021,Sell,CDNA,14167L103,CAREDX INC,"76,084",0.0564
ARKK,2/10/2021,Buy,REGN,75886F107,REGENERON PHARMACEUTICALS INC,"71,033",0.1297
ARKK,2/10/2021,Buy,FATE,31189P102,FATE THERAPEUTICS INC,"11,980",0.0046
ARKK,2/10/2021,Buy,NTDOY,654445303,NINTENDO CO LTD,"10,100",0.0029
ARKK,2/10/2021,Buy,NVS,66987V109,NOVARTIS AG,"90,902",0.0307
ARKK,2/10/2021,Sell,SSYS,M85548101,STRATASYS LTD,"15,420",0.003
ARKK,2/10/2021,Sell,MTLS,57667T100,MATERIALISE NV,"16,484",0.005
ARKK,2/10/2021,Sell,SPLK,848637104,SPLUNK INC,"114,882",0.0721
ARKK,2/10/2021,Sell,ONVO,68620A203,ORGANOVO HOLDINGS INC,"31,705",0.0021
ARKQ,2/10/2021,Buy,KMTUY,500458401,KOMATSU LTD,"71,564",0.0557
ARKQ,2/10/2021,Buy,PCAR,693718108,PACCAR INC,"71,400",0.1857
ARKQ,2/10/2021,Buy,EXPC,30217C109,EXPERIENCE INVESTMENT CORP,"36,147",0.0153
ARKW,2/10/2021,Buy,SHOP,82509L107,SHOPIFY INC,"10,437",0.1788
ARKW,2/10/2021,Sell,API,00851L103,AGORA INC,"17,639",0.0204
ARKF,2/11/2021,Buy,PYPL,70450Y103,PAYPAL HOLDINGS INC,"17,056",0.1228
ARKF,2/11/2021,Sell,LSPD,53227R106,LIGHTSPEED POS INC,"71,633",0.1298
ARKG,2/11/2021,Buy,LGVW,543195101,LONGVIEW ACQUISITION CORP,"7,133",0.0013
ARKG,2/11/2021,Buy,RHHBY,771195104,ROCHE HOLDING AG,"244,902",0.0844
ARKG,2/11/2021,Buy,CMLF,18978W109,CM LIFE SCIENCES INC,"1,546,926",0.2676
ARKG,2/11/2021,Sell,PACB,69404D108,PACIFIC BIOSCIENCES OF CALIFORNIA INC,"667,121",0.2699
ARKK,2/11/2021,Buy,IRDM,46269C102,IRIDIUM COMMUNICATIONS INC,"443,799",0.0747
ARKK,2/11/2021,Buy,FATE,31189P102,FATE THERAPEUTICS INC,"35,519",0.0133
ARKK,2/11/2021,Buy,NTDOY,654445303,NINTENDO CO LTD,"46,412",0.013
ARKK,2/11/2021,Buy,NVS,66987V109,NOVARTIS AG,"194,772",0.0649
ARKK,2/11/2021,Sell,SSYS,M85548101,STRATASYS LTD,"88,371",0.0165
ARKK,2/11/2021,Sell,MTLS,57667T100,MATERIALISE NV,"40,000",0.0113
ARKK,2/11/2021,Sell,ONVO,68620A203,ORGANOVO HOLDINGS INC,"39,225",0.003
ARKQ,2/11/2021,Buy,EXPC,30217C109,EXPERIENCE INVESTMENT CORP,"188,800",0.084
ARKQ,2/11/2021,Buy,KMTUY,500458401,KOMATSU LTD,"18,000",0.0137
ARKW,2/11/2021,Buy,SHOP,82509L107,SHOPIFY INC,"9,370",0.1549
ARKG,2/12/2021,Buy,RHHBY,771195104,ROCHE HOLDING AG,"132,909",0.0454
ARKG,2/12/2021,Buy,LGVW,543195101,LONGVIEW ACQUISITION CORP,"10,037",0.0018
ARKK,2/12/2021,Buy,IRDM,46269C102,IRIDIUM COMMUNICATIONS INC,"327,629",0.0557
ARKK,2/12/2021,Buy,NTDOY,654445303,NINTENDO CO LTD,"49,837",0.0142
ARKK,2/12/2021,Buy,NVS,66987V109,NOVARTIS AG,"155,469",0.0512
ARKK,2/12/2021,Buy,FATE,31189P102,FATE THERAPEUTICS INC,"34,300",0.0125
ARKK,2/12/2021,Sell,ONVO,68620A203,ORGANOVO HOLDINGS INC,"4,400",0.0003
ARKK,2/12/2021,Sell,MTLS,57667T100,MATERIALISE NV,"15,003",0.0041
ARKQ,2/12/2021,Buy,TDY,879360105,TELEDYNE TECHNOLOGIES INC,"40,470",0.3899
ARKQ,2/12/2021,Buy,KMTUY,500458401,KOMATSU LTD,"20,000",0.0151
ARKQ,2/12/2021,Buy,ISRG,46120E602,INTUITIVE SURGICAL INC,"20,872",0.4174
ARKQ,2/12/2021,Buy,LMT,539830109,LOCKHEED MARTIN CORP,"39,456",0.3311
ARKQ,2/12/2021,Sell,SPCE,92766K106,VIRGIN GALACTIC HOLDINGS INC,"255,600",0.3487
ARKG,2/16/2021,Buy,SGFY,82671G100,SIGNIFY HEALTH INC,"360,361",0.1032
ARKG,2/16/2021,Buy,VEEV,922475108,VEEVA SYSTEMS INC,"17,771",0.0447
ARKG,2/16/2021,Buy,ABBV,00287Y109,ABBVIE INC,"121,900",0.1005
ARKG,2/16/2021,Buy,BFLY,124155102,BUTTERFLY NETWORK INC,"27,408",0.0048
ARKG,2/16/2021,Sell,TWST,90184D100,TWIST BIOSCIENCE CORP,"1,646",0.0021
ARKG,2/16/2021,Sell,PACB,69404D108,PACIFIC BIOSCIENCES OF CALIFORNIA INC,"17,049",0.0064
ARKG,2/16/2021,Sell,CDNA,14167L103,CAREDX INC,"9,220",0.0066
ARKG,2/16/2021,Sell,VCYT,92337F107,VERACYTE INC,"21,481",0.0129
ARKK,2/16/2021,Buy,NTDOY,654445303,NINTENDO CO LTD,"68,500",0.0202
ARKK,2/16/2021,Buy,BEAM,07373V105,BEAM THERAPEUTICS INC,"51,023",0.0193
ARKK,2/16/2021,Buy,FATE,31189P102,FATE THERAPEUTICS INC,"26,283",0.0096
ARKK,2/16/2021,Buy,IRDM,46269C102,IRIDIUM COMMUNICATIONS INC,"44,342",0.0078
ARKK,2/16/2021,Sell,ONVO,68620A203,ORGANOVO HOLDINGS INC,"3,367",0.0002
ARKK,2/16/2021,Sell,SSYS,M85548101,STRATASYS LTD,"28,069",0.0051
ARKK,2/16/2021,Sell,MTLS,57667T100,MATERIALISE NV,"21,152",0.0064
ARKK,2/16/2021,Sell,SPLK,848637104,SPLUNK INC,"119,650",0.0737
ARKQ,2/16/2021,Buy,AMZN,23135106,AMAZON.COM INC,"1,875",0.1509
ARKQ,2/16/2021,Buy,ISRG,46120E602,INTUITIVE SURGICAL INC,"1,793",0.0356
ARKQ,2/16/2021,Buy,LMT,539830109,LOCKHEED MARTIN CORP,"10,600",0.0886
ARKQ,2/16/2021,Buy,TDY,879360105,TELEDYNE TECHNOLOGIES INC,"4,400",0.0428
ARKQ,2/16/2021,Buy,KMTUY,500458401,KOMATSU LTD,"50,400",0.0385
ARKQ,2/16/2021,Buy,RAVN,754212108,RAVEN INDUSTRIES INC,"18,463",0.0173
ARKQ,2/16/2021,Buy,TDY,879360105,TELEDYNE TECHNOLOGIES INC,"28,200",0.2723
ARKQ,2/16/2021,Buy,ACIC,49284102,ATLAS CREST INVESTMENT CORP,"372,574",0.1285
ARKQ,2/16/2021,Sell,BYDDY,05606L100,BYD CO LTD,"12,353",0.021
ARKQ,2/16/2021,Sell,TSM,874039100,TAIWAN SEMICONDUCTOR MANUFACTURING CO LTD,"71,667",0.248
ARKQ,2/16/2021,Sell,AVAV,8073108,AEROVIRONMENT INC,"6,115",0.0205
ARKW,2/16/2021,Buy,PLTR,69608A108,PALANTIR TECHNOLOGIES INC,"1,560,200",0.4961
ARKW,2/16/2021,Sell,PSTG,74624M102,PURE STORAGE INC,"265,044",0.0814
ARKW,2/16/2021,Sell,PD,69553P100,PAGERDUTY INC,"31,012",0.0188
ARKW,2/16/2021,Sell,Z,98954M200,ZILLOW GROUP INC,"67,864",0.1481
ARKW,2/16/2021,Sell,API,00851L103,AGORA INC,"25,621",0.0287
ARKW,2/16/2021,Sell,SE,81141R100,SEA LTD,"31,931",0.0964
ARKG,2/17/2021,Buy,ABBV,00287Y109,ABBVIE INC,"294,600",0.2492
ARKG,2/17/2021,Buy,VEEV,922475108,VEEVA SYSTEMS INC,"46,198",0.1155
ARKG,2/17/2021,Buy,SGFY,82671G100,SIGNIFY HEALTH INC,"228,881",0.0672
ARKG,2/17/2021,Buy,EXAS,30063P105,EXACT SCIENCES CORP,"250,505",0.2875
ARKG,2/17/2021,Buy,CMLF,18978W109,CM LIFE SCIENCES INC,"228,824",0.0418
ARKG,2/17/2021,Buy,BFLY,124155102,BUTTERFLY NETWORK INC,"145,660",0.0258
ARKG,2/17/2021,Sell,GOOGL,02079K305,ALPHABET INC,"17,800",0.2995
ARKG,2/17/2021,Sell,CDNA,14167L103,CAREDX INC,404,0.0003
ARKG,2/17/2021,Sell,TWST,90184D100,TWIST BIOSCIENCE CORP,"9,894",0.0122
ARKG,2/17/2021,Sell,VCYT,92337F107,VERACYTE INC,"17,374",0.0102
ARKK,2/17/2021,Buy,TSLA,88160R101,TESLA INC,"89,447",0.2532
ARKK,2/17/2021,Buy,SHOP,82509L107,SHOPIFY INC,"39,246",0.1975
ARKK,2/17/2021,Buy,NTDOY,654445303,NINTENDO CO LTD,"69,200",0.0204
ARKK,2/17/2021,Buy,IRDM,46269C102,IRIDIUM COMMUNICATIONS INC,"184,000",0.0322
ARKK,2/17/2021,Buy,FATE,31189P102,FATE THERAPEUTICS INC,"79,517",0.0287
ARKK,2/17/2021,Buy,EXAS,30063P105,EXACT SCIENCES CORP,"401,153",0.2065
ARKK,2/17/2021,Buy,BEAM,07373V105,BEAM THERAPEUTICS INC,"71,530",0.0271
ARKK,2/17/2021,Sell,ONVO,68620A203,ORGANOVO HOLDINGS INC,"4,733",0.0003
ARKK,2/17/2021,Sell,SPLK,848637104,SPLUNK INC,"362,921",0.2232
ARKK,2/17/2021,Sell,SSYS,M85548101,STRATASYS LTD,"186,371",0.0345
ARKQ,2/17/2021,Buy,TSLA,88160R101,TESLA INC,"13,173",0.2509
ARKQ,2/17/2021,Buy,TDY,879360105,TELEDYNE TECHNOLOGIES INC,519,0.005
ARKQ,2/17/2021,Buy,RAVN,754212108,RAVEN INDUSTRIES INC,"14,414",0.0133
ARKQ,2/17/2021,Buy,KMTUY,500458401,KOMATSU LTD,"19,200",0.0147
ARKQ,2/17/2021,Sell,BYDDY,05606L100,BYD CO LTD,"45,813",0.0759
ARKQ,2/17/2021,Sell,AVAV,8073108,AEROVIRONMENT INC,"8,805",0.0282
ARKW,2/17/2021,Buy,SHOP,82509L107,SHOPIFY INC,"13,035",0.2005
ARKW,2/17/2021,Buy,TSLA,88160R101,TESLA INC,"29,508",0.2468
ARKW,2/17/2021,Sell,API,00851L103,AGORA INC,"28,800",0.0306
ARKW,2/17/2021,Sell,PD,69553P100,PAGERDUTY INC,"51,982",0.03
ARKW,2/17/2021,Sell,PSTG,74624M102,PURE STORAGE INC,"224,119",0.0666
ARKW,2/17/2021,Sell,TCEHY,88032Q109,TENCENT HOLDINGS LTD,"79,100",0.0825
ARKF,2/19/2021,Buy,INTU,461202103,INTUIT INC,"24,587",0.2
ARKF,2/19/2021,Buy,PYPL,70450Y103,PAYPAL HOLDINGS INC,"33,931",0.2
ARKG,2/19/2021,Buy,VEEV,922475108,VEEVA SYSTEMS INC,"70,100",0.17
ARKG,2/19/2021,Buy,CMLF,18978W109,CM LIFE SCIENCES INC,"139,063",0.03
ARKG,2/19/2021,Buy,EXAS,30063P105,EXACT SCIENCES CORP,"100,830",0.12
ARKG,2/19/2021,Buy,SGFY,82671G100,SIGNIFY HEALTH INC,"2,500",0
ARKG,2/19/2021,Sell,VCYT,92337F107,VERACYTE INC,"67,700",0.04
ARKG,2/19/2021,Sell,PACB,69404D108,PACIFIC BIOSCIENCES OF CALIFORNIA INC,"73,715",0.03
ARKG,2/19/2021,Sell,TWST,90184D100,TWIST BIOSCIENCE CORP,"31,666",0.04
ARKG,2/19/2021,Sell,CDNA,14167L103,CAREDX INC,"105,632",0.07
ARKK,2/19/2021,Buy,TSLA,88160R101,TESLA INC,"72,120",0.2
ARKK,2/19/2021,Buy,U,91332U101,UNITY SOFTWARE INC,"195,801",0.08
ARKK,2/19/2021,Buy,BEAM,07373V105,BEAM THERAPEUTICS INC,"17,952",0.01
ARKK,2/19/2021,Buy,TXG,88025U109,10X GENOMICS INC,"26,905",0.02
ARKK,2/19/2021,Buy,NTDOY,654445303,NINTENDO CO LTD,"40,700",0.01
ARKK,2/19/2021,Sell,ONVO,68620A203,ORGANOVO HOLDINGS INC,"31,711",0
ARKK,2/19/2021,Sell,MTLS,57667T100,MATERIALISE NV,"29,835",0.01
ARKK,2/19/2021,Sell,SPLK,848637104,SPLUNK INC,"82,727",0.05
ARKQ,2/19/2021,Buy,VUZI,92921W300,VUZIX CORP,"292,091",0.12
ARKQ,2/19/2021,Buy,EXPC,30217C109,EXPERIENCE INVESTMENT CORP,"118,153",0.05
ARKQ,2/19/2021,Buy,TDY,879360105,TELEDYNE TECHNOLOGIES INC,"5,900",0.06
ARKQ,2/19/2021,Buy,RAVN,754212108,RAVEN INDUSTRIES INC,"5,911",0.01
ARKQ,2/19/2021,Buy,KMTUY,500458401,KOMATSU LTD,"47,364",0.04
ARKQ,2/19/2021,Sell,HON,438516106,HONEYWELL INTERNATIONAL INC,"59,313",0.29
ARKQ,2/19/2021,Sell,BYDDY,05606L100,BYD CO LTD,"13,437",0.02
ARKQ,2/19/2021,Sell,AVAV,8073108,AEROVIRONMENT INC,"25,956",0.08
ARKW,2/19/2021,Buy,TTD,88339J105,TRADE DESK INC/THE,"28,123",0.26
ARKW,2/19/2021,Sell,API,00851L103,AGORA INC,"111,325",0.11
ARKF,2/22/2021,Buy,FB,30303M102,FACEBOOK INC,"74,400",0.4055
ARKF,2/22/2021,Buy,OPEN,683712103,OPENDOOR TECHNOLOGIES INC,"326,867",0.2036
ARKF,2/22/2021,Sell,SPLK,848637104,SPLUNK INC,"249,866",0.8445
ARKG,2/22/2021,Buy,SURF,86877M209,SURFACE ONCOLOGY INC,"122,000",0.0094
ARKG,2/22/2021,Buy,RPTX,760273102,REPARE THERAPEUTICS INC,"2,781",0.0008
ARKG,2/22/2021,Buy,REGN,75886F107,REGENERON PHARMACEUTICALS INC,"28,194",0.1084
ARKG,2/22/2021,Buy,EXAS,30063P105,EXACT SCIENCES CORP,"194,339",0.2318
ARKG,2/22/2021,Buy,CMLF,18978W109,CM LIFE SCIENCES INC,"501,196",0.0939
ARKG,2/22/2021,Buy,SGFY,82671G100,SIGNIFY HEALTH INC,"3,445",0.0011
ARKG,2/22/2021,Sell,TWST,90184D100,TWIST BIOSCIENCE CORP,"30,781",0.0354
ARKG,2/22/2021,Sell,SDGR,80810D103,SCHRODINGER INC/UNITED STATES,"212,257",0.2015
ARKG,2/22/2021,Sell,CDNA,14167L103,CAREDX INC,"2,244",0.0016
ARKK,2/22/2021,Buy,U,91332U101,UNITY SOFTWARE INC,"160,300",0.0717
ARKK,2/22/2021,Buy,TXG,88025U109,10X GENOMICS INC,"61,259",0.0421
ARKK,2/22/2021,Buy,TWTR,90184L102,TWITTER INC,"973,900",0.262
ARKK,2/22/2021,Buy,TSLA,88160R101,TESLA INC,"183,707",0.5178
ARKK,2/22/2021,Buy,SPOT,L8681T102,SPOTIFY TECHNOLOGY SA,"89,400",0.1263
ARKK,2/22/2021,Buy,PYPL,70450Y103,PAYPAL HOLDINGS INC,"297,491",0.3123
ARKK,2/22/2021,Buy,BEAM,07373V105,BEAM THERAPEUTICS INC,500,0.0002
ARKK,2/22/2021,Buy,FATE,31189P102,FATE THERAPEUTICS INC,"34,505",0.0132
ARKK,2/22/2021,Sell,ROKU,77543R102,ROKU INC,"144,800",0.2492
ARKK,2/22/2021,Sell,BIDU,56752108,BAIDU INC,"201,412",0.2548
ARKK,2/22/2021,Sell,TSM,874039100,TAIWAN SEMICONDUCTOR MANUFACTURING CO LTD,"299,700",0.151
ARKK,2/22/2021,Sell,MTLS,57667T100,MATERIALISE NV,830,0.0002
ARKK,2/22/2021,Sell,TCEHY,88032Q109,TENCENT HOLDINGS LTD,"181,700",0.0619
ARKK,2/22/2021,Sell,SSYS,M85548101,STRATASYS LTD,"8,321",0.0014
ARKK,2/22/2021,Sell,SQ,852234103,SQUARE INC,"148,118",0.1504
ARKQ,2/22/2021,Buy,TSLA,88160R101,TESLA INC,"27,350",0.5055
ARKQ,2/22/2021,Buy,RAVN,754212108,RAVEN INDUSTRIES INC,473,0.0005
ARKQ,2/22/2021,Buy,EXPC,30217C109,EXPERIENCE INVESTMENT CORP,"166,488",0.0709
ARKQ,2/22/2021,Sell,HON,438516106,HONEYWELL INTERNATIONAL INC,"13,695",0.0688
ARKQ,2/22/2021,Sell,AVAV,8073108,AEROVIRONMENT INC,"5,560",0.0173
ARKQ,2/22/2021,Sell,ANSS,03662Q105,ANSYS INC,"10,423",0.0993
ARKW,2/22/2021,Buy,TSLA,88160R101,TESLA INC,"62,048",0.509
ARKW,2/22/2021,Sell,CRM,79466L302,SALESFORCE.COM INC,"56,858",0.1518
ARKW,2/22/2021,Sell,HUBS,443573100,HUBSPOT INC,"25,665",0.1523
ARKW,2/22/2021,Sell,SE,81141R100,SEA LTD,"22,648",0.0637
ARKF,2/23/2021,Buy,FB,30303M102,FACEBOOK INC,"70,200",0.3885
ARKF,2/23/2021,Buy,OPEN,683712103,OPENDOOR TECHNOLOGIES INC,"348,500",0.2045
ARKF,2/23/2021,Sell,SPLK,848637104,SPLUNK INC,"179,580",0.5712
ARKG,2/23/2021,Buy,MASS,65443P102,908 DEVICES INC,"56,296",0.0281
ARKG,2/23/2021,Buy,SGFY,82671G100,SIGNIFY HEALTH INC,"512,240",0.151
ARKG,2/23/2021,Buy,CMLF,18978W109,CM LIFE SCIENCES INC,"444,200",0.0751
ARKG,2/23/2021,Buy,BFLY,124155102,BUTTERFLY NETWORK INC,"583,900",0.1
ARKG,2/23/2021,Buy,ACCD,4.37E+104,ACCOLADE INC,"119,035",0.0466
ARKG,2/23/2021,Buy,RPTX,760273102,REPARE THERAPEUTICS INC,"9,016",0.0024
ARKG,2/23/2021,Sell,TMO,883556102,THERMO FISHER SCIENTIFIC INC,"37,535",0.1467
ARKG,2/23/2021,Sell,HIMS,433000106,HIMS & HERS HEALTH INC,"333,656",0.0474
ARKG,2/23/2021,Sell,GOOGL,02079K305,ALPHABET INC,"5,500",0.096
ARKK,2/23/2021,Buy,U,91332U101,UNITY SOFTWARE INC,"346,800",0.1486
ARKK,2/23/2021,Buy,TXG,88025U109,10X GENOMICS INC,"66,786",0.0445
ARKK,2/23/2021,Buy,TWTR,90184L102,TWITTER INC,"911,113",0.2427
ARKK,2/23/2021,Buy,TSLA,88160R101,TESLA INC,"177,214",0.4603
ARKK,2/23/2021,Buy,SPOT,L8681T102,SPOTIFY TECHNOLOGY SA,"123,311",0.1581
ARKK,2/23/2021,Buy,BEAM,07373V105,BEAM THERAPEUTICS INC,"279,494",0.1032
ARKK,2/23/2021,Buy,FATE,31189P102,FATE THERAPEUTICS INC,"154,781",0.0556
ARKK,2/23/2021,Sell,Z,98954M200,ZILLOW GROUP INC,"149,520",0.0948
ARKK,2/23/2021,Sell,TCEHY,88032Q109,TENCENT HOLDINGS LTD,"541,747",0.188
ARKK,2/23/2021,Sell,ROKU,77543R102,ROKU INC,"265,524",0.421
ARKK,2/23/2021,Sell,TSM,874039100,TAIWAN SEMICONDUCTOR MANUFACTURING CO LTD,"974,867",0.4888
ARKK,2/23/2021,Sell,SE,81141R100,SEA LTD,"148,622",0.143
ARKQ,2/23/2021,Buy,VUZI,92921W300,VUZIX CORP,"199,799",0.0897
ARKQ,2/23/2021,Buy,TSLA,88160R101,TESLA INC,"11,893",0.2016
ARKQ,2/23/2021,Buy,EXPC,30217C109,EXPERIENCE INVESTMENT CORP,"401,949",0.1536
ARKQ,2/23/2021,Buy,RAVN,754212108,RAVEN INDUSTRIES INC,"39,099",0.0391
ARKQ,2/23/2021,Sell,AMZN,23135106,AMAZON.COM INC,"1,817",0.1462
ARKQ,2/23/2021,Sell,AAPL,37833100,APPLE INC,"128,307",0.4023
ARKW,2/23/2021,Buy,SPOT,L8681T102,SPOTIFY TECHNOLOGY SA,"40,360",0.1502
ARKW,2/23/2021,Buy,TSLA,88160R101,TESLA INC,"51,441",0.3914
ARKW,2/23/2021,Buy,U,91332U101,UNITY SOFTWARE INC,"121,100",0.1505
ARKW,2/23/2021,Sell,CRM,79466L302,SALESFORCE.COM INC,"268,021",0.7065
ARKF,2/24/2021,Buy,FB,30303M102,FACEBOOK INC,"27,456",0.151
ARKF,2/24/2021,Buy,OPEN,683712103,OPENDOOR TECHNOLOGIES INC,"120,800",0.0735
ARKF,2/24/2021,Buy,SQ,852234103,SQUARE INC,"97,051",0.4928
ARKF,2/24/2021,Sell,VRSK,92345Y106,VERISK ANALYTICS INC,"135,953",0.4859
ARKF,2/24/2021,Sell,TCEHY,88032Q109,TENCENT HOLDINGS LTD,"70,287",0.1322
ARKF,2/24/2021,Sell,LSPD,53227R106,LIGHTSPEED POS INC,"130,200",0.2028
ARKG,2/24/2021,Buy,ACCD,4.37E+104,ACCOLADE INC,"62,178",0.0249
ARKG,2/24/2021,Buy,CMLF,18978W109,CM LIFE SCIENCES INC,"187,400",0.0333
ARKG,2/24/2021,Buy,SGFY,82671G100,SIGNIFY HEALTH INC,"295,500",0.0939
ARKG,2/24/2021,Buy,MASS,65443P102,908 DEVICES INC,"9,223",0.0048
ARKG,2/24/2021,Buy,RPTX,760273102,REPARE THERAPEUTICS INC,"13,842",0.004
ARKG,2/24/2021,Sell,TWST,90184D100,TWIST BIOSCIENCE CORP,"104,449",0.1278
ARKG,2/24/2021,Sell,HIMS,433000106,HIMS & HERS HEALTH INC,"168,557",0.024
ARKG,2/24/2021,Sell,CDNA,14167L103,CAREDX INC,"99,611",0.0692
ARKK,2/24/2021,Buy,TXG,88025U109,10X GENOMICS INC,"15,458",0.0109
ARKK,2/24/2021,Buy,SQ,852234103,SQUARE INC,"534,390",0.5076
ARKK,2/24/2021,Buy,BEAM,07373V105,BEAM THERAPEUTICS INC,"190,834",0.0724
ARKK,2/24/2021,Sell,SNAP,83304A106,SNAP INC,"1,205,432",0.3333
ARKK,2/24/2021,Sell,TCEHY,88032Q109,TENCENT HOLDINGS LTD,"221,971",0.0776
ARKQ,2/24/2021,Buy,WKHS,98138J206,WORKHORSE GROUP INC,"660,500",0.2456
ARKQ,2/24/2021,Buy,VUZI,92921W300,VUZIX CORP,"307,163",0.153
ARKQ,2/24/2021,Buy,RAVN,754212108,RAVEN INDUSTRIES INC,404,0.0004
ARKQ,2/24/2021,Buy,EXPC,30217C109,EXPERIENCE INVESTMENT CORP,"94,994",0.0395
ARKQ,2/24/2021,Buy,AONE,G7000X105,ONE,"208,917",0.064
ARKQ,2/24/2021,Sell,FLIR,302445101,FLIR SYSTEMS INC,"23,918",0.0333
ARKQ,2/24/2021,Sell,DE,244199105,DEERE & CO,"17,463",0.1527
ARKQ,2/24/2021,Sell,CAT,149123101,CATERPILLAR INC,"25,764",0.1453
ARKW,2/24/2021,Buy,SQ,852234103,SQUARE INC,"165,829",0.4557
ARKW,2/24/2021,Sell,SNAP,83304A106,SNAP INC,"310,043",0.2449
ARKF,2/25/2021,Buy,TDOC,87918A105,TELADOC HEALTH INC,"39,654",0.2038
ARKF,2/25/2021,Buy,SQ,852234103,SQUARE INC,"38,002",0.1996
ARKF,2/25/2021,Buy,SI,82837P408,SILVERGATE CAPITAL CORP,"44,913",0.1322
ARKF,2/25/2021,Buy,PYPL,70450Y103,PAYPAL HOLDINGS INC,"86,542",0.5096
ARKF,2/25/2021,Buy,OPEN,683712103,OPENDOOR TECHNOLOGIES INC,"307,000",0.2021
ARKF,2/25/2021,Sell,LSPD,53227R106,LIGHTSPEED POS INC,"59,324",0.0958
ARKF,2/25/2021,Sell,SCHW,808513105,CHARLES SCHWAB CORP/THE,"246,711",0.3533
ARKF,2/25/2021,Sell,GWRE,40171V100,GUIDEWIRE SOFTWARE INC,"19,579",0.0502
ARKF,2/25/2021,Sell,TCEHY,88032Q109,TENCENT HOLDINGS LTD,"192,478",0.3811
ARKF,2/25/2021,Sell,AMZN,23135106,AMAZON.COM INC,"7,256",0.5071
ARKG,2/25/2021,Buy,RPTX,760273102,REPARE THERAPEUTICS INC,"20,646",0.0061
ARKG,2/25/2021,Buy,MASS,65443P102,908 DEVICES INC,"57,853",0.0306
ARKG,2/25/2021,Buy,CMLF,18978W109,CM LIFE SCIENCES INC,"369,000",0.0682
ARKG,2/25/2021,Buy,ADPT,00650F109,ADAPTIVE BIOTECHNOLOGIES CORP,"183,168",0.0949
ARKG,2/25/2021,Buy,ACCD,4.37E+104,ACCOLADE INC,"92,800",0.039
ARKG,2/25/2021,Buy,SGFY,82671G100,SIGNIFY HEALTH INC,"184,100",0.0576
ARKG,2/25/2021,Sell,TWST,90184D100,TWIST BIOSCIENCE CORP,"41,202",0.0533
ARKG,2/25/2021,Sell,CDNA,14167L103,CAREDX INC,"301,100",0.2253
ARKK,2/25/2021,Buy,BEAM,07373V105,BEAM THERAPEUTICS INC,"298,495",0.1165
ARKK,2/25/2021,Buy,BIDU,56752108,BAIDU INC,"299,835",0.3734
ARKK,2/25/2021,Buy,EXAS,30063P105,EXACT SCIENCES CORP,"25,439",0.014
ARKK,2/25/2021,Buy,TXG,88025U109,10X GENOMICS INC,"52,725",0.039
ARKK,2/25/2021,Buy,TWTR,90184L102,TWITTER INC,"1,268,926",0.4133
ARKK,2/25/2021,Buy,TDOC,87918A105,TELADOC HEALTH INC,"393,495",0.3841
ARKK,2/25/2021,Sell,PINS,72352L106,PINTEREST INC,"885,520",0.3067
ARKK,2/25/2021,Sell,TSM,874039100,TAIWAN SEMICONDUCTOR MANUFACTURING CO LTD,"378,699",0.2041
ARKK,2/25/2021,Sell,SNAP,83304A106,SNAP INC,"991,159",0.2833
ARKK,2/25/2021,Sell,SE,81141R100,SEA LTD,"103,585",0.1035
ARKK,2/25/2021,Sell,ROKU,77543R102,ROKU INC,"238,061",0.3962
ARKK,2/25/2021,Sell,REGN,75886F107,REGENERON PHARMACEUTICALS INC,"33,376",0.0642
ARKK,2/25/2021,Sell,NVS,66987V109,NOVARTIS AG,"14,692",0.0054
ARKQ,2/25/2021,Buy,KTOS,50077B207,KRATOS DEFENSE & SECURITY SOLUTIONS INC,"95,578",0.0744
ARKQ,2/25/2021,Buy,RAVN,754212108,RAVEN INDUSTRIES INC,"28,584",0.0311
ARKQ,2/25/2021,Buy,TER,880770102,TERADYNE INC,"54,700",0.1874
ARKQ,2/25/2021,Buy,TRMB,896239100,TRIMBLE INC,"67,500",0.135
ARKQ,2/25/2021,Buy,VUZI,92921W300,VUZIX CORP,"197,000",0.1028
ARKQ,2/25/2021,Buy,JD,47215P106,JD.COM INC,"99,748",0.2505
ARKQ,2/25/2021,Buy,EXPC,30217C109,EXPERIENCE INVESTMENT CORP,"66,000",0.0277
ARKQ,2/25/2021,Buy,BIDU,56752108,BAIDU INC,"63,723",0.5109
ARKQ,2/25/2021,Buy,ACIC,49284102,ATLAS CREST INVESTMENT CORP,"410,320",0.1387
ARKQ,2/25/2021,Sell,GOOG,02079K107,ALPHABET INC,"2,800",0.1531
ARKQ,2/25/2021,Sell,XLNX,983919101,XILINX INC,"59,129",0.2013
ARKQ,2/25/2021,Sell,TSM,874039100,TAIWAN SEMICONDUCTOR MANUFACTURING CO LTD,"57,786",0.1973
ARKQ,2/25/2021,Sell,ADSK,52769106,AUTODESK INC,"26,052",0.2004
ARKQ,2/25/2021,Sell,AMZN,23135106,AMAZON.COM INC,"2,480",0.2038
ARKQ,2/25/2021,Sell,SNPS,871607107,SYNOPSYS INC,"29,871",0.1976
ARKQ,2/25/2021,Sell,ROK,773903109,ROCKWELL AUTOMATION INC,"15,019",0.0986
ARKQ,2/25/2021,Sell,FLIR,302445101,FLIR SYSTEMS INC,"158,502",0.2289
ARKW,2/25/2021,Buy,TSLA,88160R101,TESLA INC,"23,966",0.2047
ARKW,2/25/2021,Buy,TDOC,87918A105,TELADOC HEALTH INC,"151,423",0.4343
ARKW,2/25/2021,Buy,SQ,852234103,SQUARE INC,"62,647",0.1761
ARKW,2/25/2021,Buy,SPOT,L8681T102,SPOTIFY TECHNOLOGY SA,"30,850",0.1174
ARKW,2/25/2021,Buy,SKLZ,83067L109,SKILLZ INC,"189,969",0.07
ARKW,2/25/2021,Buy,SHOP,82509L107,SHOPIFY INC,"7,775",0.1196
ARKW,2/25/2021,Buy,BIDU,56752108,BAIDU INC,"141,918",0.5139
ARKW,2/25/2021,Buy,TWTR,90184L102,TWITTER INC,"399,822",0.3836
ARKW,2/25/2021,Sell,SE,81141R100,SEA LTD,"71,559",0.2104
ARKW,2/25/2021,Sell,SNAP,83304A106,SNAP INC,"514,924",0.4161
ARKW,2/25/2021,Sell,CRM,79466L302,SALESFORCE.COM INC,"100,695",0.2889
ARKW,2/25/2021,Sell,AAPL,37833100,APPLE INC,"116,653",0.1754
ARKW,2/25/2021,Sell,BABA,01609W102,ALIBABA GROUP HOLDING LTD,"377,406",1.1185
ARKF,2/26/2021,Buy,SHOP,82509L107,SHOPIFY INC,"8,625",0.2499
ARKF,2/26/2021,Buy,SI,82837P408,SILVERGATE CAPITAL CORP,"25,545",0.0733
ARKG,2/26/2021,Buy,RPTX,760273102,REPARE THERAPEUTICS INC,"6,148",0.0018
ARKG,2/26/2021,Buy,TDOC,87918A105,TELADOC HEALTH INC,"236,890",0.4865
ARKG,2/26/2021,Buy,ONEM,68269G107,1LIFE HEALTHCARE INC,"240,000",0.1094
ARKG,2/26/2021,Buy,MASS,65443P102,908 DEVICES INC,"52,194",0.0267
ARKG,2/26/2021,Buy,SGFY,82671G100,SIGNIFY HEALTH INC,"53,871",0.0167
ARKG,2/26/2021,Buy,BLI,84310101,BERKELEY LIGHTS INC,"278,500",0.1638
ARKG,2/26/2021,Buy,ADPT,00650F109,ADAPTIVE BIOTECHNOLOGIES CORP,"31,636",0.0163
ARKG,2/26/2021,Buy,ACCD,4.37E+104,ACCOLADE INC,"39,710",0.0162
ARKG,2/26/2021,Sell,TWST,90184D100,TWIST BIOSCIENCE CORP,"51,404",0.0666
ARKG,2/26/2021,Sell,TMO,883556102,THERMO FISHER SCIENTIFIC INC,"46,642",0.1982
ARKG,2/26/2021,Sell,RHHBY,771195104,ROCHE HOLDING AG,"54,800",0.0212
ARKG,2/26/2021,Sell,GOOGL,02079K305,ALPHABET INC,"10,400",0.1996
ARKG,2/26/2021,Sell,CDNA,14167L103,CAREDX INC,"101,014",0.0756
ARKK,2/26/2021,Buy,SHOP,82509L107,SHOPIFY INC,"44,983",0.2456
ARKK,2/26/2021,Buy,SQ,852234103,SQUARE INC,"217,825",0.2114
ARKK,2/26/2021,Buy,TDOC,87918A105,TELADOC HEALTH INC,"236,520",0.2223
ARKK,2/26/2021,Buy,PLTR,69608A108,PALANTIR TECHNOLOGIES INC,"2,497,800",0.2531
ARKK,2/26/2021,Buy,TWTR,90184L102,TWITTER INC,"352,259",0.1158
ARKK,2/26/2021,Buy,TXG,88025U109,10X GENOMICS INC,"31,716",0.0235
ARKK,2/26/2021,Buy,EXAS,30063P105,EXACT SCIENCES CORP,"81,936",0.0456
ARKK,2/26/2021,Buy,BIDU,56752108,BAIDU INC,"96,126",0.1199
ARKK,2/26/2021,Buy,BEAM,07373V105,BEAM THERAPEUTICS INC,"94,601",0.0358
ARKK,2/26/2021,Sell,TSM,874039100,TAIWAN SEMICONDUCTOR MANUFACTURING CO LTD,"938,701",0.5003
ARKK,2/26/2021,Sell,SNPS,871607107,SYNOPSYS INC,"48,511",0.0509
ARKK,2/26/2021,Sell,SNAP,83304A106,SNAP INC,"63,434",0.0175
ARKK,2/26/2021,Sell,ICE,45866F104,INTERCONTINENTAL EXCHANGE INC,"108,600",0.0513
ARKK,2/26/2021,Sell,NVS,66987V109,NOVARTIS AG,"223,902",0.0822
ARKK,2/26/2021,Sell,PINS,72352L106,PINTEREST INC,"681,282",0.2288
ARKK,2/26/2021,Sell,REGN,75886F107,REGENERON PHARMACEUTICALS INC,"59,008",0.1131
ARKK,2/26/2021,Sell,ROKU,77543R102,ROKU INC,"143,308",0.239
ARKQ,2/26/2021,Buy,VUZI,92921W300,VUZIX CORP,"79,400",0.0403
ARKQ,2/26/2021,Buy,TRMB,896239100,TRIMBLE INC,"61,142",0.1231
ARKQ,2/26/2021,Buy,TER,880770102,TERADYNE INC,"18,472",0.0641
ARKQ,2/26/2021,Buy,RAVN,754212108,RAVEN INDUSTRIES INC,"19,872",0.0215
ARKQ,2/26/2021,Buy,KTOS,50077B207,KRATOS DEFENSE & SECURITY SOLUTIONS INC,"238,928",0.1785
ARKQ,2/26/2021,Buy,EXPC,30217C109,EXPERIENCE INVESTMENT CORP,"71,800",0.0283
ARKQ,2/26/2021,Buy,AONE,G7000X105,ONE,"138,071",0.0488
ARKQ,2/26/2021,Buy,ACIC,49284102,ATLAS CREST INVESTMENT CORP,"605,500",0.2011
ARKQ,2/26/2021,Sell,FLIR,302445101,FLIR SYSTEMS INC,"95,881",0.1403
ARKQ,2/26/2021,Sell,AMZN,23135106,AMAZON.COM INC,"3,626",0.3083
ARKQ,2/26/2021,Sell,AAPL,37833100,APPLE INC,"91,029",0.3094
ARKW,2/26/2021,Buy,SHOP,82509L107,SHOPIFY INC,"8,616",0.1318
ARKW,2/26/2021,Buy,SI,82837P408,SILVERGATE CAPITAL CORP,"62,505",0.0986
ARKW,2/26/2021,Buy,SKLZ,83067L109,SKILLZ INC,"105,694",0.0392
ARKW,2/26/2021,Buy,SPOT,L8681T102,SPOTIFY TECHNOLOGY SA,"34,604",0.13
ARKW,2/26/2021,Buy,SQ,852234103,SQUARE INC,"45,699",0.1277
ARKW,2/26/2021,Buy,PYPL,70450Y103,PAYPAL HOLDINGS INC,"70,400",0.2217
ARKW,2/26/2021,Buy,PLTR,69608A108,PALANTIR TECHNOLOGIES INC,"867,600",0.2534
ARKW,2/26/2021,Buy,OPEN,683712103,OPENDOOR TECHNOLOGIES INC,"571,500",0.1946
ARKW,2/26/2021,Buy,JD,47215P106,JD.COM INC,"205,200",0.2348
ARKW,2/26/2021,Buy,TWTR,90184L102,TWITTER INC,"144,791",0.1356
ARKW,2/26/2021,Sell,FB,30303M102,FACEBOOK INC,"71,281",0.2289
ARKW,2/26/2021,Sell,CRM,79466L302,SALESFORCE.COM INC,"2,923",0.008
ARKW,2/26/2021,Sell,BABA,01609W102,ALIBABA GROUP HOLDING LTD,"21,404",0.0632
ARKW,2/26/2021,Sell,TCEHY,88032Q109,TENCENT HOLDINGS LTD,"596,547",0.6333
ARKW,2/26/2021,Sell,AAPL,37833100,APPLE INC,"460,102",0.6926
ARKF,3/1/2021,Buy,DKNG,26142R104,DRAFTKINGS INC,"173,800",0.2539
ARKF,3/1/2021,Sell,IBKR,45841N107,INTERACTIVE BROKERS GROUP INC,113,0.0002
ARKF,3/1/2021,Sell,MELI,58733R102,MERCADOLIBRE INC,"6,807",0.2512
ARKG,3/1/2021,Buy,ADPT,00650F109,ADAPTIVE BIOTECHNOLOGIES CORP,"21,623",0.0114
ARKG,3/1/2021,Buy,BLI,84310101,BERKELEY LIGHTS INC,"147,913",0.0822
ARKG,3/1/2021,Buy,SURF,86877M209,SURFACE ONCOLOGY INC,"37,317",0.0031
ARKG,3/1/2021,Buy,SRPT,803607100,SAREPTA THERAPEUTICS INC,"95,396",0.0756
ARKG,3/1/2021,Buy,RPTX,760273102,REPARE THERAPEUTICS INC,"3,660",0.0011
ARKG,3/1/2021,Sell,RHHBY,771195104,ROCHE HOLDING AG,"225,300",0.0841
ARKG,3/1/2021,Sell,PSTI,72940R300,PLURISTEM THERAPEUTICS INC,"14,036",0.0008
ARKG,3/1/2021,Sell,HIMS,433000106,HIMS & HERS HEALTH INC,"5,844",0.0008
ARKG,3/1/2021,Sell,BMY,110122108,BRISTOL-MYERS SQUIBB CO,"240,999",0.1358
ARKK,3/1/2021,Buy,BLI,84310101,BERKELEY LIGHTS INC,"102,863",0.026
ARKK,3/1/2021,Buy,EXAS,30063P105,EXACT SCIENCES CORP,"7,441",0.0041
ARKK,3/1/2021,Buy,TXG,88025U109,10X GENOMICS INC,"18,835",0.0138
ARKK,3/1/2021,Buy,TDOC,87918A105,TELADOC HEALTH INC,"111,041",0.1025
ARKK,3/1/2021,Sell,SSYS,M85548101,STRATASYS LTD,"201,400",0.0329
ARKK,3/1/2021,Sell,SPLK,848637104,SPLUNK INC,920,0.0006
ARKK,3/1/2021,Sell,SNAP,83304A106,SNAP INC,"36,685",0.01
ARKK,3/1/2021,Sell,REGN,75886F107,REGENERON PHARMACEUTICALS INC,"17,490",0.0326
ARKK,3/1/2021,Sell,PINS,72352L106,PINTEREST INC,"27,614",0.0094
ARKK,3/1/2021,Sell,NVS,66987V109,NOVARTIS AG,"58,657",0.0207
ARKK,3/1/2021,Sell,ICE,45866F104,INTERCONTINENTAL EXCHANGE INC,"115,745",0.0528
ARKQ,3/1/2021,Buy,AONE,G7000X105,ONE,"115,889",0.0398
ARKQ,3/1/2021,Sell,FLIR,302445101,FLIR SYSTEMS INC,"133,941",0.1933
ARKQ,3/1/2021,Sell,HON,438516106,HONEYWELL INTERNATIONAL INC,64,0.0004
ARKW,3/1/2021,Buy,PYPL,70450Y103,PAYPAL HOLDINGS INC,"21,430",0.0676
ARKW,3/1/2021,Buy,JD,47215P106,JD.COM INC,"7,310",0.0084
ARKW,3/1/2021,Buy,TDOC,87918A105,TELADOC HEALTH INC,"88,691",0.2349
ARKW,3/1/2021,Sell,CRM,79466L302,SALESFORCE.COM INC,"3,443",0.0088
ARKW,3/1/2021,Sell,BABA,01609W102,ALIBABA GROUP HOLDING LTD,"3,075",0.0088
ARKW,3/1/2021,Sell,SPLK,848637104,SPLUNK INC,"2,248",0.004
ARKW,3/1/2021,Sell,TCEHY,88032Q109,TENCENT HOLDINGS LTD,"340,177",0.3617
ARKW,3/1/2021,Sell,AAPL,37833100,APPLE INC,"13,664",0.0206
ARKG,3/2/2021,Buy,ACCD,4.37E+104,ACCOLADE INC,"53,762",0.0232
ARKG,3/2/2021,Buy,ADPT,00650F109,ADAPTIVE BIOTECHNOLOGIES CORP,"83,295",0.0413
ARKG,3/2/2021,Buy,SURF,86877M209,SURFACE ONCOLOGY INC,"150,000",0.0125
ARKG,3/2/2021,Buy,SRPT,803607100,SAREPTA THERAPEUTICS INC,"13,169",0.0107
ARKG,3/2/2021,Buy,RPTX,760273102,REPARE THERAPEUTICS INC,"6,578",0.002
ARKG,3/2/2021,Sell,RHHBY,771195104,ROCHE HOLDING AG,"130,132",0.0495
ARKG,3/2/2021,Sell,PSTI,72940R300,PLURISTEM THERAPEUTICS INC,"8,567",0.0005
ARKG,3/2/2021,Sell,BMY,110122108,BRISTOL-MYERS SQUIBB CO,"81,400",0.0464
ARKK,3/2/2021,Buy,ZM,98980L101,ZOOM VIDEO COMMUNICATIONS INC,"255,621",0.4048
ARKK,3/2/2021,Buy,EXAS,30063P105,EXACT SCIENCES CORP,"191,434",0.1081
ARKK,3/2/2021,Buy,BLI,84310101,BERKELEY LIGHTS INC,"154,347",0.0395
ARKK,3/2/2021,Buy,BEAM,07373V105,BEAM THERAPEUTICS INC,"80,651",0.031
ARKQ,3/2/2021,Buy,EXPC,30217C109,EXPERIENCE INVESTMENT CORP,"235,110",0.0944
ARKQ,3/2/2021,Buy,ESLT,M3760D101,ELBIT SYSTEMS LTD,"3,376",0.0124
ARKQ,3/2/2021,Buy,AONE,G7000X105,ONE,"434,479",0.1511
ARKQ,3/2/2021,Buy,ACIC,49284102,ATLAS CREST INVESTMENT CORP,"113,800",0.0404
ARKQ,3/2/2021,Sell,FLIR,302445101,FLIR SYSTEMS INC,"152,514",0.2259
ARKW,3/2/2021,Buy,JD,47215P106,JD.COM INC,"227,660",0.2691
ARKW,3/2/2021,Buy,PYPL,70450Y103,PAYPAL HOLDINGS INC,"66,641",0.2186
ARKW,3/2/2021,Sell,FB,30303M102,FACEBOOK INC,"92,982",0.2954
ARKG,3/3/2021,Buy,VEEV,922475108,VEEVA SYSTEMS INC,"75,900",0.206
ARKG,3/3/2021,Buy,TXG,88025U109,10X GENOMICS INC,"49,218",0.0839
ARKG,3/3/2021,Buy,SRPT,803607100,SAREPTA THERAPEUTICS INC,"87,700",0.0762
ARKG,3/3/2021,Buy,RPTX,760273102,REPARE THERAPEUTICS INC,"16,969",0.0053
ARKG,3/3/2021,Buy,ONEM,68269G107,1LIFE HEALTHCARE INC,"169,564",0.075
ARKG,3/3/2021,Buy,MASS,65443P102,908 DEVICES INC,"126,362",0.0635
ARKG,3/3/2021,Buy,BFLY,124155102,BUTTERFLY NETWORK INC,"390,584",0.065
ARKG,3/3/2021,Buy,CMLF,18978W109,CM LIFE SCIENCES INC,"332,617",0.0604
ARKG,3/3/2021,Buy,CDXS,192005106,CODEXIS INC,"16,991",0.0035
ARKG,3/3/2021,Buy,ACCD,4.37E+104,ACCOLADE INC,"93,700",0.0411
ARKG,3/3/2021,Buy,ADPT,00650F109,ADAPTIVE BIOTECHNOLOGIES CORP,"244,014",0.1219
ARKG,3/3/2021,Sell,GOOGL,02079K305,ALPHABET INC,"10,400",0.2056
ARKG,3/3/2021,Sell,BMY,110122108,BRISTOL-MYERS SQUIBB CO,"198,865",0.1171
ARKG,3/3/2021,Sell,RHHBY,771195104,ROCHE HOLDING AG,"515,538",0.2047
ARKG,3/3/2021,Sell,PSTI,72940R300,PLURISTEM THERAPEUTICS INC,120,0
ARKK,3/3/2021,Buy,TDOC,87918A105,TELADOC HEALTH INC,"226,209",0.2047
ARKK,3/3/2021,Buy,FATE,31189P102,FATE THERAPEUTICS INC,"148,508",0.0577
ARKK,3/3/2021,Buy,EXAS,30063P105,EXACT SCIENCES CORP,"62,847",0.0362
ARKK,3/3/2021,Buy,BLI,84310101,BERKELEY LIGHTS INC,"305,000",0.0795
ARKK,3/3/2021,Buy,U,91332U101,UNITY SOFTWARE INC,"142,314",0.0627
ARKK,3/3/2021,Buy,ZM,98980L101,ZOOM VIDEO COMMUNICATIONS INC,"134,399",0.2091
ARKK,3/3/2021,Buy,BEAM,07373V105,BEAM THERAPEUTICS INC,"327,030",0.1233
ARKK,3/3/2021,Buy,PLTR,69608A108,PALANTIR TECHNOLOGIES INC,"1,988,500",0.2099
ARKK,3/3/2021,Sell,TSM,874039100,TAIWAN SEMICONDUCTOR MANUFACTURING CO LTD,"532,806",0.2872
ARKK,3/3/2021,Sell,TCEHY,88032Q109,TENCENT HOLDINGS LTD,"273,293",0.1073
ARKK,3/3/2021,Sell,NTDOY,654445303,NINTENDO CO LTD,"59,162",0.0188
ARKK,3/3/2021,Sell,ICE,45866F104,INTERCONTINENTAL EXCHANGE INC,"97,749",0.0477
ARKK,3/3/2021,Sell,BIDU,56752108,BAIDU INC,"267,378",0.3393
ARKK,3/3/2021,Sell,BEKE,482497104,KE HOLDINGS INC,"8,847",0.0024
ARKQ,3/3/2021,Buy,U,91332U101,UNITY SOFTWARE INC,"173,600",0.5114
ARKQ,3/3/2021,Buy,EXPC,30217C109,EXPERIENCE INVESTMENT CORP,"84,800",0.0339
ARKQ,3/3/2021,Buy,ESLT,M3760D101,ELBIT SYSTEMS LTD,"2,740",0.0103
ARKQ,3/3/2021,Buy,AONE,G7000X105,ONE,"554,800",0.1957
ARKQ,3/3/2021,Sell,DE,244199105,DEERE & CO,"31,474",0.3083
ARKQ,3/3/2021,Sell,FLIR,302445101,FLIR SYSTEMS INC,"160,593",0.2446
ARKW,3/3/2021,Buy,U,91332U101,UNITY SOFTWARE INC,"189,900",0.2534
ARKW,3/3/2021,Buy,TSLA,88160R101,TESLA INC,"23,320",0.1986
ARKW,3/3/2021,Buy,TDOC,87918A105,TELADOC HEALTH INC,"78,940",0.2095
ARKW,3/3/2021,Buy,PLTR,69608A108,PALANTIR TECHNOLOGIES INC,"670,300",0.2079
ARKW,3/3/2021,Buy,ZM,98980L101,ZOOM VIDEO COMMUNICATIONS INC,"89,672",0.401
ARKW,3/3/2021,Sell,NVDA,67066G104,NVIDIA CORP,"85,856",0.5689
ARKW,3/3/2021,Sell,TSM,874039100,TAIWAN SEMICONDUCTOR MANUFACTURING CO LTD,"316,428",0.5008
ARKW,3/3/2021,Sell,API,00851L103,AGORA INC,"113,066",0.09
ARKF,3/4/2021,Buy,SHOP,82509L107,SHOPIFY INC,"7,426",0.2011
ARKF,3/4/2021,Sell,FB,30303M102,FACEBOOK INC,"31,754",0.1966
ARKG,3/4/2021,Buy,SDGR,80810D103,SCHRODINGER INC/UNITED STATES,"438,389",0.3485
ARKG,3/4/2021,Buy,SRPT,803607100,SAREPTA THERAPEUTICS INC,"11,900",0.0109
ARKG,3/4/2021,Buy,TXG,88025U109,10X GENOMICS INC,"99,714",0.1744
ARKG,3/4/2021,Buy,ONEM,68269G107,1LIFE HEALTHCARE INC,"440,300",0.1966
ARKG,3/4/2021,Buy,MASS,65443P102,908 DEVICES INC,"108,400",0.0545
ARKG,3/4/2021,Buy,CMLF,18978W109,CM LIFE SCIENCES INC,"476,900",0.0841
ARKG,3/4/2021,Buy,CDXS,192005106,CODEXIS INC,"196,226",0.0409
ARKG,3/4/2021,Buy,BFLY,124155102,BUTTERFLY NETWORK INC,"554,757",0.0911
ARKG,3/4/2021,Buy,ADPT,00650F109,ADAPTIVE BIOTECHNOLOGIES CORP,"188,000",0.0931
ARKG,3/4/2021,Buy,ACCD,4.37E+104,ACCOLADE INC,"190,345",0.0806
ARKG,3/4/2021,Buy,RPTX,760273102,REPARE THERAPEUTICS INC,"30,543",0.009
ARKG,3/4/2021,Sell,VRTX,92532F100,VERTEX PHARMACEUTICALS INC,"186,800",0.4103
ARKG,3/4/2021,Sell,RHHBY,771195104,ROCHE HOLDING AG,"264,000",0.1129
ARKG,3/4/2021,Sell,REGN,75886F107,REGENERON PHARMACEUTICALS INC,"9,831",0.0459
ARKG,3/4/2021,Sell,PSTI,72940R300,PLURISTEM THERAPEUTICS INC,100,0
ARKG,3/4/2021,Sell,GOOGL,02079K305,ALPHABET INC,"21,130",0.4558
ARKK,3/4/2021,Buy,SHOP,82509L107,SHOPIFY INC,"29,279",0.1583
ARKK,3/4/2021,Buy,SQ,852234103,SQUARE INC,"292,665",0.3044
ARKK,3/4/2021,Buy,TDOC,87918A105,TELADOC HEALTH INC,"282,246",0.2547
ARKK,3/4/2021,Buy,U,91332U101,UNITY SOFTWARE INC,"317,200",0.1465
ARKK,3/4/2021,Buy,Z,98954M200,ZILLOW GROUP INC,"320,124",0.2027
ARKK,3/4/2021,Buy,ZM,98980L101,ZOOM VIDEO COMMUNICATIONS INC,"137,415",0.2161
ARKK,3/4/2021,Buy,ROKU,77543R102,ROKU INC,"120,366",0.2009
ARKK,3/4/2021,Buy,BEAM,07373V105,BEAM THERAPEUTICS INC,"163,100",0.0597
ARKK,3/4/2021,Buy,BLI,84310101,BERKELEY LIGHTS INC,"780,466",0.1966
ARKK,3/4/2021,Buy,FATE,31189P102,FATE THERAPEUTICS INC,"229,307",0.0894
ARKK,3/4/2021,Sell,PYPL,70450Y103,PAYPAL HOLDINGS INC,"893,007",0.9902
ARKK,3/4/2021,Sell,TSM,874039100,TAIWAN SEMICONDUCTOR MANUFACTURING CO LTD,"413,563",0.2278
ARKK,3/4/2021,Sell,TREE,52603B107,LENDINGTREE INC,"50,019",0.0543
ARKK,3/4/2021,Sell,ICE,45866F104,INTERCONTINENTAL EXCHANGE INC,"208,236",0.1073
ARKK,3/4/2021,Sell,TCEHY,88032Q109,TENCENT HOLDINGS LTD,"488,519",0.1959
ARKK,3/4/2021,Sell,NTDOY,654445303,NINTENDO CO LTD,"53,126",0.0172
ARKK,3/4/2021,Sell,NVS,66987V109,NOVARTIS AG,"131,888",0.0506
ARKK,3/4/2021,Sell,PCAR,693718108,PACCAR INC,"107,100",0.0456
ARKK,3/4/2021,Sell,REGN,75886F107,REGENERON PHARMACEUTICALS INC,"44,884",0.0927
ARKQ,3/4/2021,Buy,TER,880770102,TERADYNE INC,"57,694",0.2026
ARKQ,3/4/2021,Buy,ESLT,M3760D101,ELBIT SYSTEMS LTD,"2,737",0.0107
ARKQ,3/4/2021,Buy,VUZI,92921W300,VUZIX CORP,"285,200",0.1519
ARKQ,3/4/2021,Buy,WKHS,98138J206,WORKHORSE GROUP INC,"497,900",0.1996
ARKQ,3/4/2021,Buy,NIU,65481N100,NIU TECHNOLOGIES,"161,459",0.1618
ARKQ,3/4/2021,Sell,ROK,773903109,ROCKWELL AUTOMATION INC,"84,605",0.6271
ARKQ,3/4/2021,Sell,FLIR,302445101,FLIR SYSTEMS INC,"42,237",0.0668
ARKQ,3/4/2021,Sell,AMZN,23135106,AMAZON.COM INC,"2,800",0.2536
ARKQ,3/4/2021,Sell,AAPL,37833100,APPLE INC,"28,700",0.1047
ARKW,3/4/2021,Buy,SQ,852234103,SQUARE INC,"85,402",0.2512
ARKW,3/4/2021,Buy,SKLZ,83067L109,SKILLZ INC,"942,700",0.3525
ARKW,3/4/2021,Buy,SHOP,82509L107,SHOPIFY INC,"12,778",0.1958
ARKW,3/4/2021,Buy,ROKU,77543R102,ROKU INC,"52,601",0.251
ARKW,3/4/2021,Buy,OPEN,683712103,OPENDOOR TECHNOLOGIES INC,"35,771",0.013
ARKW,3/4/2021,Buy,Z,98954M200,ZILLOW GROUP INC,"138,390",0.256
ARKW,3/4/2021,Sell,FB,30303M102,FACEBOOK INC,"143,175",0.4996
ARKW,3/4/2021,Sell,API,00851L103,AGORA INC,"20,202",0.0167
ARKW,3/4/2021,Sell,TSM,874039100,TAIWAN SEMICONDUCTOR MANUFACTURING CO LTD,"342,919",0.5354
ARKW,3/4/2021,Sell,NFLX,64110L106,NETFLIX INC,"35,604",0.2457
ARKF,3/5/2021,Buy,DKNG,26142R104,DRAFTKINGS INC,"101,400",0.0591
ARKF,3/5/2021,Buy,SI,82837P408,SILVERGATE CAPITAL CORP,"80,630",0.0855
ARKF,3/5/2021,Buy,Z,98954M200,ZILLOW GROUP INC,"74,252",0.2445
ARKF,3/5/2021,Sell,FB,30303M102,FACEBOOK INC,"40,578",0.2581
ARKG,3/5/2021,Buy,SEER,81578P106,SEER INC,"915,000",0.1268
ARKG,3/5/2021,Buy,SDGR,80810D103,SCHRODINGER INC/UNITED STATES,"188,900",0.1396
ARKG,3/5/2021,Buy,RPTX,760273102,REPARE THERAPEUTICS INC,"361,500",0.0066
ARKG,3/5/2021,Buy,CMLF,18978W109,CM LIFE SCIENCES INC,"268,000",0.0438
ARKG,3/5/2021,Buy,CDXS,192005106,CODEXIS INC,"227,737",0.0321
ARKG,3/5/2021,Buy,BFLY,124155102,BUTTERFLY NETWORK INC,"989,100",0.0289
ARKG,3/5/2021,Buy,ACCD,4.37E+104,ACCOLADE INC,"412,400",0.0824
ARKG,3/5/2021,Sell,GOOGL,02079K305,ALPHABET INC,"17,700",0.3963
ARKG,3/5/2021,Sell,RHHBY,771195104,ROCHE HOLDING AG,"536,611",0.1022
ARKK,3/5/2021,Buy,TSLA,88160R101,TESLA INC,"19,272",0.0528
ARKK,3/5/2021,Buy,TDOC,87918A105,TELADOC HEALTH INC,"162,549",0.1433
ARKK,3/5/2021,Buy,ROKU,77543R102,ROKU INC,"147,165",0.232
ARKK,3/5/2021,Buy,PLTR,69608A108,PALANTIR TECHNOLOGIES INC,"460,300",0.0502
ARKK,3/5/2021,Buy,BEAM,07373V105,BEAM THERAPEUTICS INC,"331,000",0.0401
ARKK,3/5/2021,Buy,BLI,84310101,BERKELEY LIGHTS INC,"627,000",0.076
ARKK,3/5/2021,Buy,FATE,31189P102,FATE THERAPEUTICS INC,"163,146",0.0617
ARKK,3/5/2021,Sell,NTDOY,654445303,NINTENDO CO LTD,"102,072",0.0339
ARKK,3/5/2021,Sell,TCEHY,88032Q109,TENCENT HOLDINGS LTD,"501,351",0.2024
ARKK,3/5/2021,Sell,SPOT,L8681T102,SPOTIFY TECHNOLOGY SA,"238,654",0.3036
ARKK,3/5/2021,Sell,REGN,75886F107,REGENERON PHARMACEUTICALS INC,"21,525",0.0462
ARKK,3/5/2021,Sell,ICE,45866F104,INTERCONTINENTAL EXCHANGE INC,"93,837",0.0502
ARKK,3/5/2021,Sell,PCAR,693718108,PACCAR INC,"121,100",0.046
ARKQ,3/5/2021,Buy,WKHS,98138J206,WORKHORSE GROUP INC,"494,600",0.1554
ARKQ,3/5/2021,Buy,VUZI,92921W300,VUZIX CORP,"492,700",0.0588
ARKQ,3/5/2021,Buy,TSLA,88160R101,TESLA INC,"17,440",0.3114
ARKQ,3/5/2021,Buy,SPCE,92766K106,VIRGIN GALACTIC HOLDINGS INC,"219,800",0.1936
ARKQ,3/5/2021,Buy,NIU,65481N100,NIU TECHNOLOGIES,"31,200",0.0309
ARKQ,3/5/2021,Buy,ESLT,M3760D101,ELBIT SYSTEMS LTD,"29,717",0.0139
ARKQ,3/5/2021,Sell,ROK,773903109,ROCKWELL AUTOMATION INC,"59,210",0.4435
ARKQ,3/5/2021,Sell,AMZN,23135106,AMAZON.COM INC,"2,453",0.1169
ARKQ,3/5/2021,Sell,AAPL,37833100,APPLE INC,"27,787",0.1004
ARKW,3/5/2021,Buy,TSLA,88160R101,TESLA INC,"71,481",0.5902
ARKW,3/5/2021,Buy,ROKU,77543R102,ROKU INC,"48,625",0.0151
ARKW,3/5/2021,Buy,TTD,88339J105,TRADE DESK INC/THE,"28,001",0.2368
ARKW,3/5/2021,Sell,PYPL,70450Y103,PAYPAL HOLDINGS INC,"132,675",0.4413
ARKW,3/5/2021,Sell,NVDA,67066G104,NVIDIA CORP,"64,293",0.4469
